Workbook
Name \0: #REF!
Name \0: #REF!
Name \0: #REF!
Name \0: #REF!
Name \a: #REF!
Name \a: #REF!
Name \a: #REF!
Name \C: #REF!
Name \C: #REF!
Name \kl: #REF!
Name \kl: #REF!
Name \l: #REF!
Name \l: #REF!
Name \p: #REF!
Name \p: #REF!
Name ______________________________________________iv66666: #REF!
Name _____________________________________________iv66666: #REF!
Name ____________________________________________iv66666: #REF!
Name ___________________________________________iv66666: #REF!
Name __________________________________________iv66666: #REF!
Name __________________________________________iv66666: #REF!
Name __________________________________________iv66666: #REF!
Name _________________________________________aj1: #REF!
Name _________________________________________b1: #REF!
Name _________________________________________b1: #REF!
Name _________________________________________B100000: #REF!
Name _________________________________________B100000: #REF!
Name _________________________________________bol1: #REF!
Name _________________________________________can430: 40.73
Name _________________________________________can435: 43.3
Name _________________________________________iv66666: #REF!
Name _________________________________________sdb2: #REF!
Name ________________________________________aj1: #REF!
Name ________________________________________aj1: #REF!
Name ________________________________________b1: #REF!
Name ________________________________________b1: #REF!
Name ________________________________________B100000: #REF!
Name ________________________________________bol1: #REF!
Name ________________________________________can430: 40.73
Name ________________________________________can435: 43.3
Name ________________________________________iv66666: #REF!
Name ________________________________________sdb2: #REF!
Name _______________________________________aj1: #REF!
Name _______________________________________aj1: #REF!
Name _______________________________________b1: #REF!
Name _______________________________________b1: #REF!
Name _______________________________________B100000: #REF!
Name _______________________________________bol1: #REF!
Name _______________________________________can430: 40.73
Name _______________________________________can435: 43.3
Name _______________________________________iv66666: #REF!
Name _______________________________________iv66666: #REF!
Name _______________________________________iv66666: #REF!
Name _______________________________________sdb2: #REF!
Name ______________________________________aj1: #REF!
Name ______________________________________aj1: #REF!
Name ______________________________________b1: #REF!
Name ______________________________________b1: #REF!
Name ______________________________________B100000: #REF!
Name ______________________________________bol1: #REF!

Sheet Abstract
A1: PROJECT : PANNIYANKARA LAND
A2: RETAINING WALL & FOOTING
B5: S.No | C5: Description | D5: Nos | E5: Footing Quantity | I5: Retaining wall quantity
E6: PCC | F6: Concrete | G6: Shuttering | H6: Reinforcement | I6: Concrete | J6: Shuttering | K6: Reinforcement | N6: Length
C7: External Retaining Wall
B8: 1 | C8: SECTION-1-1 | D8: 1 | E8: =$D8*'RW Footing'!$S$31 -> 22.1949 | F8: =$D8*'RW Footing'!$Q$31 -> 105.465 | G8: =$D8*'RW Footing'!$R$31 -> 70.585476 | H8: =$D8*'RW Footing'!$P$31/1000 -> 0 | I8: =D8*'Retaining wall'!I33 -> 88.58617 | J8: =D8*'Retaining wall'!J33 -> 507.46669 | K8: =$D8*'Retaining wall'!S33/1000 -> 0 | L8: =H8*1000/F8 -> 0 | M8: =K8*1000/I8 -> 0 | N8: 70.306484
B9: 2 | C9: SECTION 1A-1A | D9: 1 | E9: =$D9*'RW Footing'!#REF! -> #REF! | F9: =$D9*'RW Footing'!#REF! -> #REF! | G9: =$D9*'RW Footing'!#REF! -> #REF! | H9: =$D9*'RW Footing'!#REF!/1000 -> #REF! | I9: ='Retaining wall'!I34 -> 4.476605 | J9: =D9*'Retaining wall'!J34 -> 25.5806 | K9: =$D9*'Retaining wall'!S34/1000 -> 0 | L9: =H9*1000/F9 -> #REF! | M9: =K9*1000/I9 -> 0 | N9: 5.561
B10: 3 | C10: SECTION 2A-2A | D10: 1 | E10: =$D10*'RW Footing'!#REF! -> #REF! | F10: =$D10*'RW Footing'!#REF! -> #REF! | G10: =$D10*'RW Footing'!#REF! -> #REF! | H10: =$D10*'RW Footing'!#REF!/1000 -> #REF! | I10: ='Retaining wall'!I35 -> 12.47958 | J10: ='Retaining wall'!J35 -> 83.1972 | K10: =$D10*'Retaining wall'!S35/1000 -> 0 | L10: =H10*1000/F10 -> #REF! | M10: =K10*1000/I10 -> 0 | N10: 7.298
B11: 4 | C11: SECTION 2B-2B | D11: 1 | E11: =$D11*'RW Footing'!#REF! -> #REF! | F11: =$D11*'RW Footing'!#REF! -> #REF! | G11: =$D11*'RW Footing'!#REF! -> #REF! | H11: =$D11*'RW Footing'!#REF!/1000 -> #REF! | I11: ='Retaining wall'!I36 -> 8.6856 | J11: ='Retaining wall'!J36 -> 57.904 | K11: =$D11*'Retaining wall'!S36/1000 -> 0 | L11: =H11*1000/F11 -> #REF! | M11: =K11*1000/I11 -> 0 | N11: 6.16
B12: 5 | C12: SECTION 7-7 | D12: 1 | E12: =$D12*'RW Footing'!#REF! -> #REF! | F12: =$D12*'RW Footing'!#REF! -> #REF! | G12: =$D12*'RW Footing'!#REF! -> #REF! | H12: =$D12*'RW Footing'!#REF!/1000 -> #REF! | I12: ='Retaining wall'!I37 -> 9.9414 | J12: ='Retaining wall'!J37 -> 66.276 | K12: =$D12*'Retaining wall'!S37/1000 -> 0 | L12: =H12*1000/F12 -> #REF! | M12: =K12*1000/I12 -> 0 | N12: =5.925+1.965 -> 7.89
B13: 6 | C13: SECTION 8-8 | D13: 1 | E13: =$D13*'RW Footing'!#REF! -> #REF! | F13: =$D13*'RW Footing'!#REF! -> #REF! | G13: =$D13*'RW Footing'!#REF! -> #REF! | H13: =$D13*'RW Footing'!#REF!/1000 -> #REF! | I13: =$D13*SUM('Retaining wall'!I38:I38) -> 6.8991 | J13: =$D13*SUM('Retaining wall'!J38:J38) -> 45.994 | K13: =$D13*'Retaining wall'!S38/1000 -> 0 | L13: =H13*1000/F13 -> #REF! | M13: =K13*1000/I13 -> 0 | N13: 7.54
B14: 7 | C14: SECTION 9-9 | D14: 1 | E14: =$D14*'RW Footing'!#REF! -> #REF! | F14: =$D14*'RW Footing'!#REF! -> #REF! | G14: =$D14*'RW Footing'!#REF! -> #REF! | H14: =$D14*'RW Footing'!#REF!/1000 -> #REF! | I14: ='Retaining wall'!I39 -> 17.6352 | J14: ='Retaining wall'!J39 -> 117.568 | K14: =$D14*'Retaining wall'!S39/1000 -> 0 | L14: =H14*1000/F14 -> #REF! | M14: =K14*1000/I14 -> 0 | N14: 13.36
B15: 8 | C15: SECTION 10-10 | D15: 1 | E15: =$D15*'RW Footing'!#REF! -> #REF! | F15: =$D15*'RW Footing'!#REF! -> #REF! | G15: =$D15*'RW Footing'!#REF! -> #REF! | H15: =$D15*'RW Footing'!#REF!/1000 -> #REF! | I15: ='Retaining wall'!I40 -> 3.7845 | J15: ='Retaining wall'!J40 -> 25.23 | K15: =$D15*'Retaining wall'!S40/1000 -> 0 | L15: =H15*1000/F15 -> #REF! | M15: =K15*1000/I15 -> 0 | N15: 2.9
B16: 9 | C16: SECTION 11-11 | D16: 1 | E16: =$D16*'RW Footing'!#REF! -> #REF! | F16: =$D16*'RW Footing'!#REF! -> #REF! | G16: =$D16*'RW Footing'!#REF! -> #REF! | H16: =$D16*'RW Footing'!#REF!/1000 -> #REF! | I16: ='Retaining wall'!I41 -> 76.82724 | J16: ='Retaining wall'!J41 -> 512.1816 | K16: =$D16*'Retaining wall'!S41/1000 -> 0 | L16: =H16*1000/F16 -> #REF! | M16: =K16*1000/I16 -> 0 | N16: =47.174+0.9+3.4+9.5 -> 60.974
C17: Internal Retaining Wall
B18: 10 | C18: SECTION 2-2 | D18: 1 | E18: =$D18*'RW Footing'!#REF! -> #REF! | F18: =$D18*'RW Footing'!#REF! -> #REF! | G18: =$D18*'RW Footing'!#REF! -> #REF! | H18: =$D18*'RW Footing'!#REF!/1000 -> #REF! | I18: ='Retaining wall'!I42 -> 87.039 | J18: ='Retaining wall'!J42 -> 580.26 | K18: =$D18*'Retaining wall'!S42/1000 -> 0 | L18: =H18*1000/F18 -> #REF! | M18: =K18*1000/I18 -> 0 | N18: 50.9
B19: 10 | C19: SECTION 3-3 | D19: 1 | E19: =$D19*'RW Footing'!#REF! -> #REF! | F19: =$D19*'RW Footing'!#REF! -> #REF! | G19: =$D19*'RW Footing'!#REF! -> #REF! | H19: =$D19*'RW Footing'!#REF!/1000 -> #REF! | I19: ='Retaining wall'!I43 -> 13.5 | J19: ='Retaining wall'!J43 -> 90 | K19: =$D19*'Retaining wall'!S43/1000 -> 0 | L19: =H19*1000/F19 -> #REF! | M19: =K19*1000/I19 -> 0 | N19: 10
B20: 10 | C20: SECTION 4-4 | D20: 1 | E20: =$D20*'RW Footing'!#REF! -> #REF! | F20: =$D20*'RW Footing'!#REF! -> #REF! | G20: =$D20*'RW Footing'!#REF! -> #REF! | H20: =$D20*'RW Footing'!#REF!/1000 -> #REF! | I20: ='Retaining wall'!I44 -> 9.45 | J20: ='Retaining wall'!J44 -> 63 | K20: =$D20*'Retaining wall'!#REF!/1000 -> #REF! | L20: =H20*1000/F20 -> #REF! | M20: =K20*1000/I20 -> #REF! | N20: 9
B21: 10 | C21: SECTION 5-5 | D21: 1 | E21: =$D21*'RW Footing'!#REF! -> #REF! | F21: =$D21*'RW Footing'!#REF! -> #REF! | G21: =$D21*'RW Footing'!#REF! -> #REF! | H21: =$D21*'RW Footing'!#REF!/1000 -> #REF! | I21: ='Retaining wall'!I45 -> 3.096 | J21: ='Retaining wall'!J45 -> 30.96 | K21: =$D21*'Retaining wall'!#REF!/1000 -> #REF! | L21: =H21*1000/F21 -> #REF! | M21: =K21*1000/I21 -> #REF! | N21: 6.45
B22: 10 | C22: SECTION 6-6 | D22: 1 | E22: =$D22*'RW Footing'!#REF! -> #REF! | F22: =$D22*'RW Footing'!#REF! -> #REF! | G22: =$D22*'RW Footing'!#REF! -> #REF! | H22: =$D22*'RW Footing'!#REF!/1000 -> #REF! | I22: ='Retaining wall'!I46 -> 1.4976 | J22: ='Retaining wall'!J46 -> 15.296 | K22: =$D22*'Retaining wall'!#REF!/1000 -> #REF! | L22: =H22*1000/F22 -> #REF! | M22: =K22*1000/I22 -> #REF! | N22: 4.68
B23: Total | E23: =SUM(E8:E19) -> #REF! | F23: =SUM(F8:F19) -> #REF! | G23: =SUM(G8:G19) -> #REF! | H23: =SUM(H8:H19) -> #REF! | I23: =SUM(I8:I22) -> 343.898 | J23: =SUM(J8:J22) -> 2220.9141 | K23: =SUM(K8:K19) -> 0
B24: Kg/ Cu.m | C24: Kg/ Cu.m | H24: =H23*1000/F23 -> #REF! | K24: =K23*1000/I23 -> 0 | N24: =SUM(N8:N23) -> 263.01948
B27: S.No | C27: Description | D27: UOM | E27: Quantity | F27: Remarks
B28: 1 | C28: Retaining wall Footing
C29: PCC - M7.5 / M10 | D29: Cu.m | E29: =E23 -> #REF!
C30: Concrete - RMC M25 | D30: Cu.m | E30: =F23 -> #REF!
C31: Shuttering | D31: Sq.m | E31: =G23 -> #REF!
C32: Reinforcement | D32: MT | E32: =SUM(E33:E38) -> 0 | F32: Dia wise breakup as below
C33: TMT- 8mm | D33: MT | E33: ='RW Footing'!H11 -> 0
C34: TMT- 10mm | D34: MT | E34: ='RW Footing'!I11 -> 0
C35: TMT- 12mm | D35: MT | E35: ='RW Footing'!J11 -> 0
C36: TMT- 16mm | D36: MT | E36: ='RW Footing'!K11 -> 0
C37: TMT- 20mm | D37: MT | E37: ='RW Footing'!L11 -> 0
C38: TMT- 25mm | D38: MT | E38: ='RW Footing'!M11 -> 0
B39: 2 | C39: Retaining wall Stem | F39: Drain section will be extra, depth confirmation not available
C40: Concrete - RMC M25 | D40: Cu.m | E40: =I23 -> 343.898
C41: Shuttering | D41: Sq.m | E41: =J23 -> 2220.9141
C42: Reinforcement | D42: MT | E42: =SUM(E43:E48) -> 0 | F42: Dia wise breakup as below
C43: TMT- 8mm | D43: MT | E43: ='Retaining wall'!G16 -> 0
C44: TMT- 10mm | D44: MT | E44: ='Retaining wall'!H16 -> 0
C45: TMT- 12mm | D45: MT | E45: ='Retaining wall'!I16 -> 0
C46: TMT- 16mm | D46: MT | E46: ='Retaining wall'!J16 -> 0
C47: TMT- 20mm | D47: MT | E47: ='Retaining wall'!K16 -> 0
C48: TMT- 25mm | D48: MT | E48: ='Retaining wall'!L16 -> 0
B50: Note: The above quantities of concrete & steel are as per drawing - Wastage & Extra bars etc., will be additional.

Sheet RW Footing
A2: Project Name : | C2: Trust Office | H2: Cover-Top & Bottom | J2: =0.05 -> 0.05
A3: Drawings Referred : | C3: Retaining wall Footing details | H3: Cover-Sides | J3: =0.075 -> 0.075
H4: Bend Length | J4: =0.15 -> 0.15
H5: PCC Depth | J5: =0.1 -> 0.1
A7: ABSTRACT
A8: Sl. No. | B8: Description | C8: RMC Grade | D8: PCC Grade | E8: PCC (cum) | F8: Concrete (Cum) M30 | G8: Shuttering (Sqm) | H8: 8 mm | I8: 10 mm | J8: 12 mm | K8: 16 mm | L8: 20 mm | M8: 25 mm | N8: 32 mm | O8: Total | P8: Kg/Cum | Q8: Cover blocks | R8: Excavation Qty | S8: PCC Shuttering
A9: 1 | B9: Retaining wall Footing | C9: M25 | D9: M7.5 | E9: =S30 -> 70.879035 | F9: =Q30 -> 428.34192 | G9: =R30 -> 277.61689 | H9: =H30 -> 0 | I9: =I30 -> 0 | J9: =J30 -> 0 | K9: =K30 -> 0 | L9: =L30 -> 0 | M9: =M30 -> 0 | N9: =N30 -> 0 | O9: =SUM(H9:N9) -> 0 | P9: =(O9*1000)/F9 -> 0 | Q9: =ROUNDUP(G9*4,0) -> 1111 | R9: =T30 -> 2435.9668 | S9: =Z30 -> 186.83411
B11: TOTAL | E11: =SUM(E9:E10) -> 70.879035 | F11: =SUM(F9:F10) -> 428.34192 | G11: =SUM(G9:G10) -> 277.61689 | H11: =SUM(H9:H10) -> 0 | I11: =SUM(I9:I10) -> 0 | J11: =SUM(J9:J10) -> 0 | K11: =SUM(K9:K10) -> 0 | L11: =SUM(L9:L10) -> 0 | ... O11: =SUM(O9:O10) -> 0 | P11: =SUM(P9:P10)/2 -> 0
I12: 11.47 | J12: 4.5 | K12: 5.58 | L12: 5.22 | M12: 5.66
B13: DEVELOPMENT & ANCHORAGE LENGTHS - FE550
B14: Bar Diameter (mm) | C14: M20 | D14: M25 | E14: M30 | F14: M35 | G14: M40
B15: 8 | C15: =0.475 -> 0.475 | D15: =0.4 -> 0.4 | E15: 0.4 | F15: =0.325 -> 0.325 | G15: =0.3 -> 0.3
B16: 10 | C16: =0.575 -> 0.575 | D16: =0.5 -> 0.5 | E16: 0.5 | F16: =0.4 -> 0.4 | G16: =0.375 -> 0.375
B17: 12 | C17: =0.7 -> 0.7 | D17: =0.6 -> 0.6 | E17: 0.6 | F17: =0.5 -> 0.5 | G17: =0.45 -> 0.45
B18: 16 | C18: =0.925 -> 0.925 | D18: =0.8 -> 0.8 | E18: 0.8 | F18: =0.65 -> 0.65 | G18: =0.575 -> 0.575
B19: 20 | C19: =1.15 -> 1.15 | D19: =0.975 -> 0.975 | E19: 1 | F19: =0.8 -> 0.8 | G19: =0.725 -> 0.725
B20: 25 | C20: =1.425 -> 1.425 | D20: =1.225 -> 1.225 | E20: 1.25 | F20: =1 -> 1 | G20: =0.9 -> 0.9
B21: 28 | C21: =1.6 -> 1.6 | D21: =1.375 -> 1.375 | E21: =1.275 -> 1.275 | F21: =1.125 -> 1.125 | G21: =1.025 -> 1.025
B22: 32 | C22: =1.825 -> 1.825 | D22: =1.575 -> 1.575 | E22: 1.595 | F22: =1.3 -> 1.3 | G22: =1.15 -> 1.15
B24: GRADE OF CONCRETE | C24: M30 | D24: Depth of PCC | E24: 0.1
B25: Top & Bottom Cover | C25: 0.05 | D25: Depth of excavation | E25: 0.2 | G25: Dia: | H25: 8 | I25: 10 | J25: 12 | K25: 16 | L25: 20 | M25: 25 | N25: 32 | O25: Total Qty in Kg | P25: Total Kg/Cum | Q25: Concrete Qty | R25: Shuttering Qty | S25: PCC Qty | T25: Excavation | U25: Surface Trimming | V25: Footing Nos | W25: Backfilling Qty | X25: Anti Termite Treatment | Z25: PCC Shuttering | AA25: Cover Blocks
B26: Cover | C26: 0.05 | D26: Bend length | E26: 0.15 | F26: PCC extension | G26: Unit Weight (Kg/Rmt): | H26: =22/7/4/1000/1000*7850*H25*H25 -> 0.39474286 | I26: =22/7/4/1000/1000*7850*I25*I25 -> 0.61678571 | J26: =22/7/4/1000/1000*7850*J25*J25 -> 0.88817143 | K26: =22/7/4/1000/1000*7850*K25*K25 -> 1.5789714 | L26: =22/7/4/1000/1000*7850*L25*L25 -> 2.4671429 | M26: =22/7/4/1000/1000*7850*M25*M25 -> 3.8549107 | N26: =22/7/4/1000/1000*7850*N25*N25 -> 6.3158857
B27: Total footings: | F27: 0.075
AB28: Existing Level | AC28: FGL
C29: Nos | D29: Length/Area | E29: Breadth/ Perimeter | F29: Depth | G29: Concrete breadth | AA29: =SUM(AA31:AA31) -> 0
B30: RETAINING WALL FOOTING | H30: =SUM(H31:H31)*H26/1000 -> 0 | I30: =SUM(I31:I31)*I26/1000 -> 0 | J30: =SUM(J31:J31)*J26/1000 -> 0 | K30: =SUM(K31:K31)*K26/1000 -> 0 | L30: =SUM(L31:L31)*L26/1000 -> 0 | M30: =SUM(M31:M31)*M26/1000 -> 0 | N30: =SUM(N31:N31)*N26/1000 -> 0 | O30: =SUM(O31:O31)/1000 -> 0 | Q30: =SUM(Q31:Q52) -> 428.34192 | R30: =SUM(R31:R52) -> 277.61689 | S30: =SUM(S31:S52) -> 70.879035 | T30: =SUM(T31:T52) -> 2435.9668 | U30: =SUM(U31:U52) -> 708.79035 | V30: =SUM(V31:V52) -> 0 | W30: =SUM(W31:W52) -> 0 | X30: =SUM(X31:X52) -> 0 | ... Z30: =SUM(Z31:Z52) -> 186.83411
A31: 1 | B31: RF-01 | C31: 1 | D31: 70.31 | E31: 3 | F31: 0.5 | G31: =+E31 -> 3 | Q31: =C31*D31*F31*G31 -> 105.465 | R31: =((D31*F31+E31*F31)*2)-2.7245241 -> 70.585476 | S31: =((D31+$F$27*2)*(E31+$F$27*2))*$E$24*C31 -> 22.1949 | T31: =((D31+0.3*2)*(E31+0.3*2))*C31*AD31 -> 883.25496 | U31: =+S31/0.1 -> 221.949 | Z31: =(D31+E31)*2*$E$24*C31 -> 14.662 | AB31: =AVERAGE(102.552,101.078,98.5) -> 100.71 | AC31: =97.25 -> 97.25 | AD31: =AB31-AC31 -> 3.46
A32: =A31+1 -> 2 | B32: RF-02-PL (Incl Services) | C32: 1 | D32: 175.37429 | E32: 112.35303 | F32: 0.6 | G32: =+E32 -> 112.35303 | Q32: =C32*D32*F32 -> 105.22457 | R32: =(E32*F32)-(2.724+3.418+0.7) -> 60.569817 | S32: =112.974898*E24*C32 -> 11.29749 | T32: =((D32+0.3*2))*C32*AD32 -> 617.66976 | U32: =+S32/0.1 -> 112.9749 | Z32: =(D32+E32)*2*$E$24*C32 -> 57.545464 | AB32: =AVERAGE(102.552,101.078,98.5) -> 100.71 | AC32: 97.2 | AD32: =AB32-AC32 -> 3.51
A33: =A32+1 -> 3 | B33: RF-03 | C33: 1 | D33: 1.445 | E33: 0.7 | F33: 0.6 | G33: =+E33 -> 0.7 | Q33: =C33*D33*F33*G33 -> 0.6069 | R33: =(D33*F33)*2 -> 1.734 | S33: =((D33+$F$27*2)*(E33+$F$27*2))*$E$24*C33 -> 0.135575 | T33: =((D33+0.3*2)*(E33+0.3*2))*C33*AD33 -> 8.374275 | U33: =+S33/0.1 -> 1.35575 | Z33: =(D33+E33)*2*$E$24*C33 -> 0.429 | AB33: =AVERAGE(98.5) -> 98.5 | AC33: 95.35 | AD33: =AB33-AC33 -> 3.15
A34: =A33+1 -> 4 | B34: RF-04 | C34: 1 | D34: 1.7 | E34: 0.7 | F34: 0.6 | G34: =+E34 -> 0.7 | Q34: =C34*D34*F34*G34 -> 0.714 | R34: =(D34*F34)*2 -> 2.04 | S34: =((D34+$F$27*2)*(E34+$F$27*2))*$E$24*C34 -> 0.15725 | T34: =((D34+0.3*2)*(E34+0.3*2))*C34*AD34 -> 9.4185 | U34: =+S34/0.1 -> 1.5725 | Z34: =(D34+E34)*2*$E$24*C34 -> 0.48 | AB34: =AVERAGE(98.5) -> 98.5 | AC34: 95.35 | AD34: =AB34-AC34 -> 3.15
A35: =A34+1 -> 5 | B35: RF-05-PL | C35: 1 | D35: 4.0817571 | E35: 10.489278 | F35: 0.6 | G35: =+E35 -> 10.489278 | Q35: =C35*D35*F35 -> 2.4490543 | R35: =(E35*F35)-(0.7*2) -> 4.8935666 | S35: =10.9392646*E24*C35 -> 1.0939265 | T35: =((D35+0.3*2))*C35*AD35 -> 14.747535 | U35: =+S35/0.1 -> 10.939265 | Z35: =(D35+E35)*2*$E$24*C35 -> 2.9142069 | AB35: =AVERAGE(98.5) -> 98.5 | AC35: 95.35 | AD35: =AB35-AC35 -> 3.15
A36: =A35+1 -> 6 | B36: RF-06-PL | C36: 1 | D36: 3.4593804 | E36: 9.3989163 | F36: 0.6 | G36: =+E36 -> 9.3989163 | Q36: =C36*D36*F36 -> 2.0756282 | R36: =(E36*F36)-(0.7*2) -> 4.2393498 | S36: =9.9989165*E24*C36 -> 0.99989165 | T36: =((D36+0.3*2))*C36*AD36 -> 12.787048 | U36: =+S36/0.1 -> 9.9989165 | Z36: =(D36+E36)*2*$E$24*C36 -> 2.5716593 | AB36: =AVERAGE(98.5) -> 98.5 | AC36: 95.35 | AD36: =AB36-AC36 -> 3.15
A37: =A36+1 -> 7 | B37: RF-07-PL | C37: 1 | D37: 126.34159 | E37: 82.21753 | F37: 0.6 | G37: =+E37 -> 82.21753 | Q37: =C37*D37*F37 -> 75.804954 | R37: =(E37*F37)-(0.7+2.6) -> 46.030518 | S37: =82.8175296*E24*C37 -> 8.281753 | T37: =((D37+0.3*2))*C37*AD37 -> 483.64746 | U37: =+S37/0.1 -> 82.81753 | Z37: =(D37+E37)*2*$E$24*C37 -> 41.711824 | AB37: =AVERAGE(102.552,101.078,98.5) -> 100.71 | AC37: 96.9 | AD37: =AB37-AC37 -> 3.81
A38: =A37+1 -> 8 | B38: RF-08-PL | C38: 1 | D38: 38.720409 | E38: 37.90283 | F38: 0.45 | G38: =+E38 -> 37.90283 | Q38: =C38*D38*F38 -> 17.424184 | R38: =(E38*F38)-(2.6+1.5) -> 12.956273 | S38: =38.3517344*E24*C38 -> 3.8351734 | T38: =((D38+0.3*2))*C38*AD38 -> 149.81076 | U38: =+S38/0.1 -> 38.351734 | Z38: =(D38+E38)*2*$E$24*C38 -> 15.324648 | AB38: =AVERAGE(102.552,101.078,98.5) -> 100.71 | AC38: 96.9 | AD38: =AB38-AC38 -> 3.81
A39: =A38+1 -> 9 | B39: RF-09 | C39: 1 | D39: 6.717 | E39: 1.497 | F39: 0.35 | G39: =+E39 -> 1.497 | Q39: =C39*D39*F39*G39 -> 3.5193721 | R39: =(D39*F39)*2+E39*F39 -> 5.22585 | S39: =((D39+$F$27*2)*(E39+$F$27*2))*$E$24*C39 -> 1.1309949 | T39: =((D39+0.3*2)*(E39+0.3*2))*C39*AD39 -> 3.2221873 | U39: =+S39/0.1 -> 11.309949 | Z39: =(D39+E39)*2*$E$24*C39 -> 1.6428 | AB39: =AVERAGE(102.552,101.078,98.5) -> 100.71 | AC39: 100.5 | AD39: =AB39-AC39 -> 0.21
A40: =A39+1 -> 10 | B40: RF-10-PL | C40: 1 | D40: 21.919909 | E40: 20.598489 | F40: 0.5 | G40: =+E40 -> 20.598489 | Q40: =C40*D40*F40 -> 10.959955 | R40: =(E40*F40)-(2.405+3.02) -> 4.8742447 | S40: =21.1961113*$E$24*C40 -> 2.1196111 | T40: =((D40+0.3*2))*C40*AD40 -> 4.729181 | U40: =+S40/0.1 -> 21.196111 | Z40: =(D40+E40)*2*$E$24*C40 -> 8.5036798 | AB40: =AVERAGE(102.552,101.078,98.5) -> 100.71 | AC40: 100.5 | AD40: =AB40-AC40 -> 0.21
A41: =A40+1 -> 11 | B41: RF-11 | C41: 1 | D41: 2.422 | E41: 4.617 | F41: 0.45 | G41: =+E41 -> 4.617 | Q41: =C41*D41*F41*G41 -> 5.0320683 | R41: =(D41*F41)*2 -> 2.1798 | S41: =((D41+$F$27*2)*(E41+$F$27*2))*$E$24*C41 -> 1.2260724 | T41: =((D41+0.3*2)*(E41+0.3*2))*C41*AD41 -> 16.002261 | U41: =+S41/0.1 -> 12.260724 | Z41: =(D41+E41)*2*$E$24*C41 -> 1.4078 | AB41: =AVERAGE(102.552,101.078) -> 101.815 | AC41: =102-1.2 -> 100.8 | AD41: =AB41-AC41 -> 1.015
A42: =A41+1 -> 12 | B42: RF-12-PL | C42: 1 | D42: 47.952117 | E42: 36.147349 | F42: 0.6 | G42: =+E42 -> 36.147349 | Q42: =C42*D42*F42 -> 28.77127 | R42: =(E42*F42)-(2.42) -> 19.26841 | S42: =36.7491957*$E$24*C42 -> 3.6749196 | T42: =((D42+0.3*2))*C42*AD42 -> 49.280399 | U42: =+S42/0.1 -> 36.749196 | Z42: =(D42+E42)*2*$E$24*C42 -> 16.819893 | AB42: =AVERAGE(102.552,101.078) -> 101.815 | AC42: =102-1.2 -> 100.8 | AD42: =AB42-AC42 -> 1.015
A43: =A42+1 -> 13 | B43: RF-13 | C43: 1 | D43: 4.173 | E43: 2.8 | F43: 0.5 | G43: =+E43 -> 2.8 | Q43: =C43*D43*F43*G43 -> 5.8422 | R43: =(D43*F43)*2 -> 4.173 | S43: =((D43+$F$27*2)*(E43+$F$27*2))*$E$24*C43 -> 1.275285 | T43: =((D43+0.3*2)*(E43+0.3*2))*C43*AD43 -> 16.471623 | U43: =+S43/0.1 -> 12.75285 | Z43: =(D43+E43)*2*$E$24*C43 -> 1.3946 | AB43: =AVERAGE(102.552,101.078) -> 101.815 | AC43: =102-1.2 -> 100.8 | AD43: =AB43-AC43 -> 1.015
A44: =A43+1 -> 14 | B44: RF-14 | C44: 1 | D44: 3.95 | E44: 4.2 | F44: 0.5 | G44: =+E44 -> 4.2 | Q44: =C44*D44*F44*G44 -> 8.295 | R44: =(D44*F44)*2 -> 3.95 | S44: =((D44+$F$27*2)*(E44+$F$27*2))*$E$24*C44 -> 1.7835 | T44: =((D44+0.3*2)*(E44+0.3*2))*C44*AD44 -> 22.1676 | U44: =+S44/0.1 -> 17.835 | Z44: =(D44+E44)*2*$E$24*C44 -> 1.63 | AB44: =AVERAGE(102.552,101.078) -> 101.815 | AC44: =102-1.2 -> 100.8 | AD44: =AB44-AC44 -> 1.015
A45: =A44+1 -> 15 | B45: RF-15 | C45: 1 | D45: 3.999 | E45: 4.2 | F45: 0.5 | G45: =+E45 -> 4.2 | Q45: =C45*D45*F45*G45 -> 8.3979 | R45: =(D45*F45)*2 -> 3.999 | S45: =((D45+$F$27*2)*(E45+$F$27*2))*$E$24*C45 -> 1.804815 | T45: =((D45+0.3*2)*(E45+0.3*2))*C45*AD45 -> 22.406328 | U45: =+S45/0.1 -> 18.04815 | Z45: =(D45+E45)*2*$E$24*C45 -> 1.6398 | AB45: =AVERAGE(102.552,101.078) -> 101.815 | AC45: =102-1.2 -> 100.8 | AD45: =AB45-AC45 -> 1.015
A46: =A45+1 -> 16 | B46: RF-16 | C46: 1 | D46: 2.774 | E46: 4.2 | F46: 0.5 | G46: =+E46 -> 4.2 | Q46: =C46*D46*F46*G46 -> 5.8254 | R46: =(D46*F46)*2 -> 2.774 | S46: =((D46+$F$27*2)*(E46+$F$27*2))*$E$24*C46 -> 1.27194 | T46: =((D46+0.3*2)*(E46+0.3*2))*C46*AD46 -> 16.438128 | U46: =+S46/0.1 -> 12.7194 | Z46: =(D46+E46)*2*$E$24*C46 -> 1.3948 | AB46: =AVERAGE(102.552,101.078) -> 101.815 | AC46: =102-1.2 -> 100.8 | AD46: =AB46-AC46 -> 1.015
A47: =A46+1 -> 17 | B47: RF-17 | C47: 1 | D47: 3.851 | E47: 4.2 | F47: 0.5 | G47: =+E47 -> 4.2 | Q47: =C47*D47*F47*G47 -> 8.0871 | R47: =(D47*F47)*2 -> 3.851 | S47: =((D47+$F$27*2)*(E47+$F$27*2))*$E$24*C47 -> 1.740435 | T47: =((D47+0.3*2)*(E47+0.3*2))*C47*AD47 -> 21.685272 | U47: =+S47/0.1 -> 17.40435 | Z47: =(D47+E47)*2*$E$24*C47 -> 1.6102 | AB47: =AVERAGE(102.552,101.078) -> 101.815 | AC47: =102-1.2 -> 100.8 | AD47: =AB47-AC47 -> 1.015
A48: =A47+1 -> 18 | B48: RF-18 | C48: 1 | D48: 3.901 | E48: 4.2 | F48: 0.5 | G48: =+E48 -> 4.2 | Q48: =C48*D48*F48*G48 -> 8.1921 | R48: =(D48*F48)*2 -> 3.901 | S48: =((D48+$F$27*2)*(E48+$F$27*2))*$E$24*C48 -> 1.762185 | T48: =((D48+0.3*2)*(E48+0.3*2))*C48*AD48 -> 21.928872 | U48: =+S48/0.1 -> 17.62185 | Z48: =(D48+E48)*2*$E$24*C48 -> 1.6202 | AB48: =AVERAGE(102.552,101.078) -> 101.815 | AC48: =102-1.2 -> 100.8 | AD48: =AB48-AC48 -> 1.015
A49: =A48+1 -> 19 | B49: RF-19 | C49: 1 | D49: 4.1 | E49: 4.2 | F49: 0.5 | G49: =+E49 -> 4.2 | Q49: =C49*D49*F49*G49 -> 8.61 | R49: =(D49*F49)*2 -> 4.1 | S49: =((D49+$F$27*2)*(E49+$F$27*2))*$E$24*C49 -> 1.84875 | T49: =((D49+0.3*2)*(E49+0.3*2))*C49*AD49 -> 22.8984 | U49: =+S49/0.1 -> 18.4875 | Z49: =(D49+E49)*2*$E$24*C49 -> 1.66 | AB49: =AVERAGE(102.552,101.078) -> 101.815 | AC49: =102-1.2 -> 100.8 | AD49: =AB49-AC49 -> 1.015
A50: =A49+1 -> 20 | B50: RF-20-PL | C50: 1 | D50: 27.304511 | E50: 25.103178 | F50: 0.5 | G50: =+E50 -> 25.103178 | Q50: =C50*D50*F50 -> 13.652256 | R50: =(E50*F50) -> 12.551589 | S50: =25.7031785*$E$24*C50 -> 2.5703179 | T50: =((D50+0.3*2))*C50*AD50 -> 28.323079 | U50: =+S50/0.1 -> 25.703179 | Z50: =(D50+E50)*2*$E$24*C50 -> 10.481538 | AB50: =AVERAGE(102.552,101.078) -> 101.815 | AC50: =102-1.2 -> 100.8 | AD50: =AB50-AC50 -> 1.015
A51: =A50+1 -> 21 | B51: RF-21 | C51: 1 | D51: 1.3 | E51: 2.55 | F51: 0.6 | G51: =+E51 -> 2.55 | Q51: =C51*D51*F51*G51 -> 1.989 | R51: =(D51*F51)*2 -> 1.56 | S51: =((D51+$F$27*2)*(E51+$F$27*2))*$E$24*C51 -> 0.3915 | T51: =((D51+0.3*2)*(E51+0.3*2))*C51*AD51 -> 6.074775 | U51: =+S51/0.1 -> 3.915 | Z51: =(D51+E51)*2*$E$24*C51 -> 0.77 | AB51: =AVERAGE(102.552,101.078) -> 101.815 | AC51: =102-1.2 -> 100.8 | AD51: =AB51-AC51 -> 1.015
A52: =A51+1 -> 22 | B52: RF-22 | C52: 1 | D52: 1.8 | E52: 1.3 | F52: 0.6 | G52: =+E52 -> 1.3 | Q52: =C52*D52*F52*G52 -> 1.404 | R52: =(D52*F52)*2 -> 2.16 | S52: =((D52+$F$27*2)*(E52+$F$27*2))*$E$24*C52 -> 0.28275 | T52: =((D52+0.3*2)*(E52+0.3*2))*C52*AD52 -> 4.6284 | U52: =+S52/0.1 -> 2.8275 | Z52: =(D52+E52)*2*$E$24*C52 -> 0.62 | AB52: =AVERAGE(102.552,101.078) -> 101.815 | AC52: =102-1.2 -> 100.8 | AD52: =AB52-AC52 -> 1.015

Sheet Retaining wall
A2: Project Name : | C2: Trust Office | H2: Footing Depth | J2: 0.6
A3: Drawings Referred : | C3: Retaining wall details | H3: Cover | J3: =40/1000 -> 0.04
H4: Bend Length | J4: 0.3
H5: PCC Depth | J5: =0.1 -> 0.1
A7: ABSTRACT
A8: Sl. No. | B8: Description | C8: RMC Grade | D8: Grade of steel | E8: Concrete (Cum) M30 | F8: Shuttering (Sqm) | G8: 8 mm | H8: 10 mm | I8: 12 mm | J8: 16 mm | K8: 20 mm | L8: 25 mm | M8: 32 mm | N8: Total | O8: Kg/Cum | P8: Guage Piece | Q8: Tie rods | R8: Water Proofing | S8: Cover Blocks 45 mm as per structure | T8: Water Stopper
A9: 1 | B9: Retaining Wall | C9: M30 | D9: FE550 | E9: =I31 -> 343.898 | F9: =J31 -> 2199.2841 | G9: =K31 -> 0 | H9: =L31 -> 0 | I9: =M31 -> 0 | J9: =N31 -> 0 | K9: =O31 -> 0 | L9: =P31 -> 0 | M9: =Q31 -> 0 | N9: =SUM(G9:M9) -> 0 | O9: =(N9*1000)/E9 -> 0 | P9: =T31 -> 3066 | Q9: =U31 -> 3066 | R9: =V31 -> 1055.199 | S9: =W31 -> 8441.5923
A10: 2 | B10: Counter Fort | C10: M30 | D10: FE550 | E10: =I67 -> 37.314 | F10: =J67 -> 269.67 | R10: =V67 -> 269.67
B16: TOTAL | E16: =SUM(E9:E15) -> 381.212 | F16: =SUM(F9:F15) -> 2468.9541 | G16: =SUM(G9:G15) -> 0 | H16: =SUM(H9:H15) -> 0 | I16: =SUM(I9:I15) -> 0 | J16: =SUM(J9:J15) -> 0 | K16: =SUM(K9:K15) -> 0 | L16: =SUM(L9:L15) -> 0 | ... N16: =SUM(N9:N15) -> 0 | O16: =AVERAGE(O9:O10) -> 0 | P16: =SUM(P9:P15) -> 3066 | Q16: =SUM(Q9:Q15) -> 3066 | R16: =SUM(R9:R15) -> 1324.869 | S16: =SUM(S9:S15) -> 8441.5923
E17: =E16/Abstract!N24/0.45 -> 3.2208175 | R17: =+R16*0.6 -> 794.92143
B19: Development Length & Anchorage | I19: GF lvl | J19: 11.4
B20: Bar Diameter (mm) | C20: M20 | D20: M25 | E20: M30 | F20: M35 | G20: M40 | I20: Footing Top lvl | J20: =6.2+0.45 -> 6.65
B21: 8 | C21: =0.475 -> 0.475 | D21: =0.4 -> 0.4 | E21: 0.4 | F21: =0.325 -> 0.325 | G21: =0.3 -> 0.3 | I21: Height of Retaining wall | J21: =J19-J20 -> 4.75
B22: 10 | C22: =0.575 -> 0.575 | D22: =0.5 -> 0.5 | E22: 0.5 | F22: =0.4 -> 0.4 | G22: =0.375 -> 0.375 | I22: 200mm Wall Height | J22: 0.6
B23: 12 | C23: =0.7 -> 0.7 | D23: =0.6 -> 0.6 | E23: 0.6 | F23: =0.5 -> 0.5 | G23: =0.45 -> 0.45 | I23: Haunching bar | J23: =0.3+0.3+0.6 -> 1.2
B24: 16 | C24: =0.925 -> 0.925 | D24: =0.8 -> 0.8 | E24: 0.8 | F24: =0.65 -> 0.65 | G24: =0.575 -> 0.575
B25: 20 | C25: =1.15 -> 1.15 | D25: =0.975 -> 0.975 | E25: 1 | F25: =0.8 -> 0.8 | G25: =0.725 -> 0.725
B26: 25 | C26: =1.425 -> 1.425 | D26: =1.225 -> 1.225 | E26: 1.25 | F26: =1 -> 1 | G26: =0.9 -> 0.9
B27: 32 | C27: =1.825 -> 1.825 | D27: =1.575 -> 1.575 | E27: 1.595 | F27: =1.3 -> 1.3 | G27: =1.15 -> 1.15
A29: S.no | B29: Description | C29: Nos | D29: Dia | E29: Spacing | F29: No of Rods | G29: Rod Length | H29: Total Length | I29: Concrete | J29: Shuttering | K29: 8 | L29: 10 | M29: 12 | N29: 16 | O29: 20 | P29: 25 | Q29: 32 | R29: Steel in KG | S29: Kg/Cum | T29: Gauge Piece | U29: Tie Rod | V29: Retaining wall water proofing | W29: Cover Blocks | X29: Cerabitoplast for WP | Y29: =V31*0.6 -> 633.11943
K30: =22/7/4/1000/1000*7850*K29*K29 -> 0.39474286 | L30: =22/7/4/1000/1000*7850*L29*L29 -> 0.61678571 | M30: =22/7/4/1000/1000*7850*M29*M29 -> 0.88817143 | N30: =22/7/4/1000/1000*7850*N29*N29 -> 1.5789714 | O30: =22/7/4/1000/1000*7850*O29*O29 -> 2.4671429 | P30: =22/7/4/1000/1000*7850*P29*P29 -> 3.8549107 | Q30: =22/7/4/1000/1000*7850*Q29*Q29 -> 6.3158857
D31: Length | E31: Breadth | F31: Depth | I31: =SUM(I33:I50) -> 343.898 | J31: =SUM(J33:J50) -> 2199.2841 | K31: =SUM(K33:K43)*K30/1000 -> 0 | L31: =SUM(L33:L43)*L30/1000 -> 0 | M31: =SUM(M33:M43)*M30/1000 -> 0 | N31: =SUM(N33:N43)*N30/1000 -> 0 | O31: =SUM(O33:O43)*O30/1000 -> 0 | P31: =SUM(P33:P43)*P30/1000 -> 0 | Q31: =SUM(Q33:Q43)*Q30/1000 -> 0 | R31: =SUM(R33:R43) -> 0 | T31: =SUM(T33:T43) -> 3066 | U31: =SUM(U33:U43) -> 3066 | V31: =SUM(V33:V43) -> 1055.199 | W31: =SUM(W33:W43) -> 8441.5923
X32: Nos
A33: 1 | B33: =Abstract!C8 -> SECTION-1-1 | C33: 1 | D33: =Abstract!N8 -> 70.306484 | E33: 0.35 | F33: 3.6 | I33: =C33*D33*E33*F33 -> 88.58617 | J33: =C33*(D33*F33*2+E33*F33) -> 507.46669 | T33: =ROUNDUP(D33/0.6,0)*ROUNDUP(F33/0.6,0) -> 708 | U33: =ROUNDUP(D33/0.6,0)*ROUNDUP(F33/0.6,0) -> 708 | V33: =+D33*F33 -> 253.10334 | W33: =(D33*F33)*4*2 -> 2024.8267 | X33: =+T33+T37+#REF!+#REF!+#REF! -> #REF! | Z33: =C33*D33*E33 -> 24.607269
A34: =A33+1 -> 2 | B34: =Abstract!C9 -> SECTION 1A-1A | C34: 1 | D34: =Abstract!N9 -> 5.561 | E34: 0.35 | F34: 2.3 | I34: =C34*D34*E34*F34 -> 4.476605 | J34: =C34*D34*F34*2 -> 25.5806 | T34: =ROUNDUP(D34/0.6,0)*ROUNDUP(F34/0.6,0) -> 40 | U34: =ROUNDUP(D34/0.6,0)*ROUNDUP(F34/0.6,0) -> 40 | V34: =+D34*F34 -> 12.7903 | W34: =(D34*F34)*4*2 -> 102.3224 | X34: =+T34+#REF!+#REF!+#REF!+#REF! -> #REF! | Y34: 300 mm
A35: =A34+1 -> 3 | B35: =Abstract!C10 -> SECTION 2A-2A | C35: 1 | D35: =Abstract!N10 -> 7.298 | E35: 0.3 | F35: 5.7 | I35: =C35*D35*E35*F35 -> 12.47958 | J35: =C35*D35*F35*2 -> 83.1972 | T35: =ROUNDUP(D35/0.6,0)*ROUNDUP(F35/0.6,0) -> 130 | U35: =ROUNDUP(D35/0.6,0)*ROUNDUP(F35/0.6,0) -> 130 | V35: =+D35*F35 -> 41.5986 | W35: =(D35*F35)*4*2 -> 332.7888 | X35: =+T35+#REF!+#REF!+#REF!+#REF! -> #REF! | Y35: 300 mm
A36: =A35+1 -> 4 | B36: =Abstract!C11 -> SECTION 2B-2B | C36: 1 | D36: =Abstract!N11 -> 6.16 | E36: 0.3 | F36: 4.7 | I36: =C36*D36*E36*F36 -> 8.6856 | J36: =C36*D36*F36*2 -> 57.904 | T36: =ROUNDUP(D36/0.6,0)*ROUNDUP(F36/0.6,0) -> 88 | U36: =ROUNDUP(D36/0.6,0)*ROUNDUP(F36/0.6,0) -> 88 | V36: =+D36*F36 -> 28.952 | W36: =(D36*F36)*4*2 -> 231.616 | X36: =+T36+#REF!+#REF!+#REF!+#REF! -> #REF! | Y36: 300 mm
A37: =A36+1 -> 5 | B37: =Abstract!C12 -> SECTION 7-7 | C37: 1 | D37: =Abstract!N12 -> 7.89 | E37: 0.3 | F37: 4.2 | I37: =C37*D37*E37*F37 -> 9.9414 | J37: =C37*D37*F37*2 -> 66.276 | T37: =ROUNDUP(D37/0.6,0)*ROUNDUP(F37/0.6,0) -> 98 | U37: =ROUNDUP(D37/0.6,0)*ROUNDUP(F37/0.6,0) -> 98 | V37: =+D37*F37 -> 33.138 | W37: =(D37*F37)*4*2 -> 265.104
A38: =A37+1 -> 6 | B38: =Abstract!C13 -> SECTION 8-8 | C38: 1 | D38: =Abstract!N13 -> 7.54 | E38: 0.3 | F38: 3.05 | I38: =C38*D38*E38*F38 -> 6.8991 | J38: =C38*D38*F38*2 -> 45.994 | T38: =ROUNDUP(D38/0.6,0)*ROUNDUP(F38/0.6,0) -> 78 | U38: =ROUNDUP(D38/0.6,0)*ROUNDUP(F38/0.6,0) -> 78 | V38: =+D38*F38 -> 22.997 | W38: =(D38*F38)*4*2 -> 183.976
A39: =A38+1 -> 7 | B39: =Abstract!C14 -> SECTION 9-9 | C39: 1 | D39: =Abstract!N14 -> 13.36 | E39: 0.3 | F39: 4.4 | I39: =C39*D39*E39*F39 -> 17.6352 | J39: =C39*D39*F39*2 -> 117.568 | T39: =ROUNDUP(D39/0.6,0)*ROUNDUP(F39/0.6,0) -> 184 | U39: =ROUNDUP(D39/0.6,0)*ROUNDUP(F39/0.6,0) -> 184 | V39: =+D39*F39 -> 58.784 | W39: =(D39*F39)*4*2 -> 470.272
A40: =A39+1 -> 8 | B40: =Abstract!C15 -> SECTION 10-10 | C40: 1 | D40: =Abstract!N15 -> 2.9 | E40: 0.3 | F40: 4.35 | I40: =C40*D40*E40*F40 -> 3.7845 | J40: =C40*D40*F40*2 -> 25.23 | T40: =ROUNDUP(D40/0.6,0)*ROUNDUP(F40/0.6,0) -> 40 | U40: =ROUNDUP(D40/0.6,0)*ROUNDUP(F40/0.6,0) -> 40 | V40: =+D40*F40 -> 12.615 | W40: =(D40*F40)*4*2 -> 100.92
A41: =A40+1 -> 9 | B41: =Abstract!C16 -> SECTION 11-11 | C41: 1 | D41: =Abstract!N16 -> 60.974 | E41: 0.3 | F41: 4.2 | I41: =C41*D41*E41*F41 -> 76.82724 | J41: =C41*D41*F41*2 -> 512.1816 | T41: =ROUNDUP(D41/0.6,0)*ROUNDUP(F41/0.6,0) -> 714 | U41: =ROUNDUP(D41/0.6,0)*ROUNDUP(F41/0.6,0) -> 714 | V41: =+D41*F41 -> 256.0908 | W41: =(D41*F41)*4*2 -> 2048.7264 | X41: =+T41+#REF!+#REF!+#REF!+#REF! -> #REF! | Y41: 300 mm
A42: =A41+1 -> 10 | B42: =Abstract!C18 -> SECTION 2-2 | C42: 1 | D42: =Abstract!N18 -> 50.9 | E42: 0.3 | F42: 5.7 | I42: =C42*D42*E42*F42 -> 87.039 | J42: =C42*D42*F42*2 -> 580.26 | T42: =ROUNDUP(D42/0.6,0)*ROUNDUP(F42/0.6,0) -> 850 | U42: =ROUNDUP(D42/0.6,0)*ROUNDUP(F42/0.6,0) -> 850 | V42: =+D42*F42 -> 290.13 | W42: =(D42*F42)*4*2 -> 2321.04 | X42: =+T42+T65+#REF!+#REF!+#REF! -> #REF! | Y42: 300 mm
A43: =A42+1 -> 11 | B43: =Abstract!C19 -> SECTION 3-3 | C43: 1 | D43: =Abstract!N19 -> 10 | E43: 0.3 | F43: 4.5 | I43: =C43*D43*E43*F43 -> 13.5 | J43: =C43*D43*F43*2 -> 90 | T43: =ROUNDUP(D43/0.6,0)*ROUNDUP(F43/0.6,0) -> 136 | U43: =ROUNDUP(D43/0.6,0)*ROUNDUP(F43/0.6,0) -> 136 | V43: =+D43*F43 -> 45 | W43: =(D43*F43)*4*2 -> 360
A44: =A43+1 -> 12 | B44: =Abstract!C20 -> SECTION 4-4 | C44: 1 | D44: =Abstract!N20 -> 9 | E44: 0.3 | F44: 3.5 | I44: =C44*D44*E44*F44 -> 9.45 | J44: =C44*D44*F44*2 -> 63 | T44: =ROUNDUP(D44/0.6,0)*ROUNDUP(F44/0.6,0) -> 90 | U44: =ROUNDUP(D44/0.6,0)*ROUNDUP(F44/0.6,0) -> 90 | V44: =+D44*F44 -> 31.5 | W44: =(D44*F44)*4*2 -> 252
A45: =A44+1 -> 13 | B45: =Abstract!C21 -> SECTION 5-5 | C45: 1 | D45: =Abstract!N21 -> 6.45 | E45: 0.2 | F45: 2.4 | I45: =C45*D45*E45*F45 -> 3.096 | J45: =C45*D45*F45*2 -> 30.96 | T45: =ROUNDUP(D45/0.6,0)*ROUNDUP(F45/0.6,0) -> 44 | U45: =ROUNDUP(D45/0.6,0)*ROUNDUP(F45/0.6,0) -> 44 | V45: =+D45*F45 -> 15.48 | W45: =(D45*F45)*4*2 -> 123.84
A46: =A45+1 -> 14 | B46: =Abstract!C22 -> SECTION 6-6 | C46: 1 | D46: =Abstract!N22 -> 4.68 | E46: 0.2 | F46: 1.6 | I46: =C46*D46*E46*F46 -> 1.4976 | J46: =C46*(D46*F46*2+E46*F46) -> 15.296 | T46: =ROUNDUP(D46/0.6,0)*ROUNDUP(F46/0.6,0) -> 24 | U46: =ROUNDUP(D46/0.6,0)*ROUNDUP(F46/0.6,0) -> 24 | V46: =+D46*F46 -> 7.488 | W46: =(D46*F46)*4*2 -> 59.904
A47: =A46+1 -> 15 | B47: Deduction For Counterfort Shuttering | I47: =C47*D47*E47*F47 -> 0 | J47: =C47*(D47*F47*2+E47*F47) -> 0 | T47: =ROUNDUP(D47/0.6,0)*ROUNDUP(F47/0.6,0) -> 0 | U47: =ROUNDUP(D47/0.6,0)*ROUNDUP(F47/0.6,0) -> 0 | V47: =+D47*F47 -> 0 | W47: =(D47*F47)*4*2 -> 0
B48: SECTION 2A-2A | C48: -2 | D48: =Abstract!N10 -> 7.298 | E48: 0.3 | F48: 5.7 | J48: =C48*(E48*F48) -> -3.42 | S48: =SUM(R49:R56) -> 0
B49: SECTION 2B-2B | C49: -2 | D49: =Abstract!N11 -> 6.16 | E49: 0.3 | F49: 4.7 | J49: =C49*(E49*F49) -> -2.82 | S49: =SUM(R50:R57) -> 0
B50: SECTION 2-2 | C50: -9 | D50: =Abstract!N18 -> 50.9 | E50: 0.3 | F50: 5.7 | J50: =C50*(E50*F50) -> -15.39 | S50: =SUM(R55:R58) -> 0
B53: Counter Fort
B55: Counterfort- 02B | C55: =2 -> 2 | D55: 3.4 | E55: 0.3 | F55: =2 -> 2 | I55: =C55*D55*E55*F55 -> 4.08 | J55: =C55*((E55*F55)+(D55*F55*2)) -> 28.4 | V55: =J55 -> 28.4
C56: =C55 -> 2 | D56: =D55-1.5 -> 1.9 | E56: 0.3 | F56: =2 -> 2 | I56: =C56*D56*E56*F56 -> 2.28 | J56: =C56*((E56*F56)+(D56*F56*2)) -> 16.4 | V56: =J56 -> 16.4
C57: =C56 -> 2 | D57: =D56-1.5 -> 0.4 | E57: 0.3 | F57: 0.55 | I57: =C57*D57*E57*F57 -> 0.132 | J57: =C57*((E57*F57)+(D57*F57*2)) -> 1.21 | V57: =J57 -> 1.21
B58: Counterfort- 02A | C58: =2 -> 2 | D58: 3.9 | E58: 0.3 | F58: =2 -> 2 | I58: =C58*D58*E58*F58 -> 4.68 | J58: =C58*((E58*F58)+(D58*F58*2)) -> 32.4 | V58: =J58 -> 32.4
C59: =C58 -> 2 | D59: =D58-2 -> 1.9 | E59: 0.3 | F59: =2 -> 2 | I59: =C59*D59*E59*F59 -> 2.28 | J59: =C59*((E59*F59)+(D59*F59*2)) -> 16.4 | V59: =J59 -> 16.4
C60: =C59 -> 2 | D60: =D59-1.5 -> 0.4 | E60: 0.3 | F60: 1.55 | I60: =C60*D60*E60*F60 -> 0.372 | J60: =C60*((E60*F60)+(D60*F60*2)) -> 3.41 | V60: =J60 -> 3.41
B61: Counterfort- 02 | C61: =2 -> 2 | D61: 2.7 | E61: 0.3 | F61: =2 -> 2 | I61: =C61*D61*E61*F61 -> 3.24 | J61: =C61*((E61*F61)+(D61*F61*2)) -> 22.8 | V61: =J61 -> 22.8
C62: =C61 -> 2 | D62: =D61-1.35 -> 1.35 | E62: 0.3 | F62: =2 -> 2 | I62: =C62*D62*E62*F62 -> 1.62 | J62: =C62*((E62*F62)+(D62*F62*2)) -> 12 | V62: =J62 -> 12
C63: =C62 -> 2 | D63: =D62-0.95 -> 0.4 | E63: 0.3 | F63: 1.5 | I63: =C63*D63*E63*F63 -> 0.36 | J63: =C63*((E63*F63)+(D63*F63*2)) -> 3.3 | V63: =J63 -> 3.3
B64: Counterfort- 02 - Towards entry | C64: =7 -> 7 | D64: 2.7 | E64: 0.3 | F64: =2 -> 2 | I64: =C64*D64*E64*F64 -> 11.34 | J64: =C64*((E64*F64)+(D64*F64*2)) -> 79.8 | V64: =J64 -> 79.8
C65: =C64 -> 7 | D65: =D64-1.35 -> 1.35 | E65: 0.3 | F65: =2 -> 2 | I65: =C65*D65*E65*F65 -> 5.67 | J65: =C65*((E65*F65)+(D65*F65*2)) -> 42 | V65: =J65 -> 42
C66: =C65 -> 7 | D66: =D65-0.95 -> 0.4 | E66: 0.3 | F66: 1.5 | I66: =C66*D66*E66*F66 -> 1.26 | J66: =C66*((E66*F66)+(D66*F66*2)) -> 11.55 | V66: =J66 -> 11.55
I67: =SUM(I55:I66) -> 37.314 | J67: =SUM(J55:J66) -> 269.67 | V67: =SUM(V55:V66) -> 269.67

Sheet Footing
A2: Project Name : | C2: Trust Office | H2: Cover-Top & Bottom | J2: =0.05 -> 0.05
A3: Drawings Referred : | C3: Footing details | H3: Cover-Sides | J3: =0.075 -> 0.075
H4: Bend Length | J4: =0.15 -> 0.15
H5: PCC Depth | J5: =0.1 -> 0.1
A7: ABSTRACT
A8: Sl. No. | B8: Description | C8: RMC Grade | D8: PCC Grade | E8: PCC (cum) | F8: Concrete (Cum) M30 | G8: Shuttering (Sqm) | H8: 8 mm | I8: 10 mm | J8: 12 mm | K8: 16 mm | L8: 20 mm | M8: 25 mm | N8: 32 mm | O8: Total | P8: Kg/Cum | Q8: Cover blocks | R8: Excavation Qty | S8: PCC Shuttering
A9: 1 | B9: Footing | C9: M25 | D9: M7.5 | E9: =S30 -> 7.8629033 | F9: =Q30 -> 311.58958 | G9: =R30 -> 292.95216 | H9: =H30 -> 0 | I9: =I30 -> 0 | J9: =J30 -> 0 | K9: =K30 -> 0 | L9: =L30 -> 0 | M9: =M30 -> 0 | N9: =N30 -> 0 | O9: =SUM(H9:N9) -> 0 | P9: =(O9*1000)/F9 -> 0 | Q9: =ROUNDUP(G9*4,0) -> 1172 | R9: =T30 -> 1211.8379 | S9: =Z30 -> 51.989697
B11: TOTAL | E11: =SUM(E9:E10) -> 7.8629033 | F11: =SUM(F9:F10) -> 311.58958 | G11: =SUM(G9:G10) -> 292.95216 | H11: =SUM(H9:H10) -> 0 | I11: =SUM(I9:I10) -> 0 | J11: =SUM(J9:J10) -> 0 | K11: =SUM(K9:K10) -> 0 | L11: =SUM(L9:L10) -> 0 | ... O11: =SUM(O9:O10) -> 0 | P11: =SUM(P9:P10)/2 -> 0
I12: 11.47 | J12: 4.5 | K12: 5.58 | L12: 5.22 | M12: 5.66
B13: DEVELOPMENT & ANCHORAGE LENGTHS - FE550
B14: Bar Diameter (mm) | C14: M20 | D14: M25 | E14: M30 | F14: M35 | G14: M40
B15: 8 | C15: =0.475 -> 0.475 | D15: =0.4 -> 0.4 | E15: 0.4 | F15: =0.325 -> 0.325 | G15: =0.3 -> 0.3
B16: 10 | C16: =0.575 -> 0.575 | D16: =0.5 -> 0.5 | E16: 0.5 | F16: =0.4 -> 0.4 | G16: =0.375 -> 0.375
B17: 12 | C17: =0.7 -> 0.7 | D17: =0.6 -> 0.6 | E17: 0.6 | F17: =0.5 -> 0.5 | G17: =0.45 -> 0.45 | R17: Depth of excavation
B18: 16 | C18: =0.925 -> 0.925 | D18: =0.8 -> 0.8 | E18: 0.8 | F18: =0.65 -> 0.65 | G18: =0.575 -> 0.575
B19: 20 | C19: =1.15 -> 1.15 | D19: =0.975 -> 0.975 | E19: 1 | F19: =0.8 -> 0.8 | G19: =0.725 -> 0.725
B20: 25 | C20: =1.425 -> 1.425 | D20: =1.225 -> 1.225 | E20: 1.25 | F20: =1 -> 1 | G20: =0.9 -> 0.9
B21: 28 | C21: =1.6 -> 1.6 | D21: =1.375 -> 1.375 | E21: =1.275 -> 1.275 | F21: =1.125 -> 1.125 | G21: =1.025 -> 1.025
B22: 32 | C22: =1.825 -> 1.825 | D22: =1.575 -> 1.575 | E22: 1.595 | F22: =1.3 -> 1.3 | G22: =1.15 -> 1.15
B24: GRADE OF CONCRETE | C24: M30 | D24: Depth of PCC | E24: 0.1
B25: Top & Bottom Cover | C25: 0.05 | D25: Depth of excavation | E25: 0.2 | G25: Dia: | H25: 8 | I25: 10 | J25: 12 | K25: 16 | L25: 20 | M25: 25 | N25: 32 | O25: Total Qty in Kg | P25: Total Kg/Cum | Q25: Concrete Qty | R25: Shuttering Qty | S25: PCC Qty | T25: Excavation | U25: Surface Trimming | V25: Footing Nos | W25: Backfilling Qty | X25: Anti Termite Treatment | Z25: PCC Shuttering | AA25: Cover Blocks | AB25: Existing level | AC25: FL | AD25: Difference
B26: Cover | C26: 0.05 | D26: Bend length | E26: 0.15 | F26: PCC extension | G26: Unit Weight (Kg/Rmt): | H26: =22/7/4/1000/1000*7850*H25*H25 -> 0.39474286 | I26: =22/7/4/1000/1000*7850*I25*I25 -> 0.61678571 | J26: =22/7/4/1000/1000*7850*J25*J25 -> 0.88817143 | K26: =22/7/4/1000/1000*7850*K25*K25 -> 1.5789714 | L26: =22/7/4/1000/1000*7850*L25*L25 -> 2.4671429 | M26: =22/7/4/1000/1000*7850*M25*M25 -> 3.8549107 | N26: =22/7/4/1000/1000*7850*N25*N25 -> 6.3158857
B27: Total footings: | F27: 0.075
C29: Nos | D29: Length/Area | E29: Breadth/ Perimeter | F29: Depth | G29: Concrete breadth | AA29: =SUM(AA31:AA31) -> 0
B30: RETAINING WALL FOOTING | H30: =SUM(H31:H31)*H26/1000 -> 0 | I30: =SUM(I31:I31)*I26/1000 -> 0 | J30: =SUM(J31:J31)*J26/1000 -> 0 | K30: =SUM(K31:K31)*K26/1000 -> 0 | L30: =SUM(L31:L31)*L26/1000 -> 0 | M30: =SUM(M31:M31)*M26/1000 -> 0 | N30: =SUM(N31:N31)*N26/1000 -> 0 | O30: =SUM(O31:O31)/1000 -> 0 | Q30: =SUM(Q31:Q41) -> 311.58958 | R30: =SUM(R31:R41) -> 292.95216 | S30: =SUM(S31:S41) -> 7.8629033 | T30: =SUM(T31:T41) -> 1211.8379 | U30: =SUM(U31:U41) -> 78.629033 | V30: =SUM(V31:V31) -> 0 | W30: =SUM(W31:W31) -> 0 | X30: =SUM(X31:X31) -> 0 | Y30: =SUM(Y31:Y31) -> 0 | Z30: =SUM(Z31:Z41) -> 51.989697
A31: 1 | B31: F-01 | C31: 5 | D31: 4.6 | E31: 3.6 | F31: 1.1 | G31: =+E31 -> 3.6 | Q31: =C31*D31*F31*G31 -> 91.08 | R31: =((D31*F31+E31*F31)*2)*C31 -> 90.2 | S31: =((D31*$F$27*2)*(E31+$F$27*2))*$E$24*C31 -> 1.29375 | T31: =((D31+0.3*2)*(E31+0.3*2))*C31*AD31 -> 224.7882 | U31: =+S31/0.1 -> 12.9375 | Z31: =(D31+E31)*2*$E$24*C31 -> 8.2 | AB31: =AVERAGE(102.252,102.665) -> 102.4585 | AC31: =AVERAGE(100.4) -> 100.4 | AD31: =AB31-AC31 -> 2.0585
A32: =A31+1 -> 2 | B32: F-02 | C32: 5 | D32: 3.5 | E32: 2.6 | F32: 0.85 | G32: =+E32 -> 2.6 | Q32: =C32*D32*F32*G32 -> 38.675 | R32: =((D32*F32+E32*F32)*2)*C32 -> 51.85 | S32: =((D32*$F$27*2)*(E32+$F$27*2))*$E$24*C32 -> 0.721875 | T32: =((D32+0.3*2)*(E32+0.3*2))*C32*AD32 -> 162.5568 | U32: =+S32/0.1 -> 7.21875 | Z32: =(D32+E32)*2*$E$24*C32 -> 6.1 | AB32: 101.078 | AC32: =98.6 -> 98.6 | AD32: =AB32-AC32 -> 2.478
A33: =A32+1 -> 3 | B33: F-02A | C33: 3 | D33: 3.7 | E33: 2.6 | F33: 0.85 | G33: =+E33 -> 2.6 | Q33: =C33*D33*F33*G33 -> 24.531 | R33: =((D33*F33*2+E33*F33)+E33*0.25)*C33 -> 27.45 | S33: =((D33*$F$27*2)*(E33+$F$27*2))*$E$24*C33 -> 0.457875 | T33: =((D33+0.3*2)*(E33+0.3*2))*C33*AD33 -> 256.28688 | U33: =+S33/0.1 -> 4.57875 | Z33: =(D33+E33)*2*$E$24*C33 -> 3.78 | AB33: =AVERAGE(102.252,102.665) -> 102.4585 | AC33: =96.25 -> 96.25 | AD33: =AB33-AC33 -> 6.2085
A34: =A33+1 -> 4 | B34: F-03 | C34: 3 | D34: 1.45 | E34: 1.3 | F34: 0.45 | G34: =+E34 -> 1.3 | Q34: =C34*D34*F34*G34 -> 2.54475 | R34: =((D34*F34+E34*F34)*2)*C34 -> 7.425 | S34: =((D34*$F$27*2)*(E34+$F$27*2))*$E$24*C34 -> 0.0946125 | T34: =((D34+0.3*2)*(E34+0.3*2))*C34*AD34 -> 36.80775 | U34: =+S34/0.1 -> 0.946125 | Z34: =(D34+E34)*2*$E$24*C34 -> 1.65 | AB34: 98.5 | AC34: 95.35 | AD34: =AB34-AC34 -> 3.15
A35: =A34+1 -> 5 | B35: F-03A | C35: 1 | D35: 1.65 | E35: 1.4 | F35: 0.45 | G35: =+E35 -> 1.4 | Q35: =C35*D35*F35*G35 -> 1.0395 | R35: =((D35*F35+E35*F35)*2)*C35 -> 2.745 | S35: =((D35*$F$27*2)*(E35+$F$27*2))*$E$24*C35 -> 0.0383625 | T35: =((D35+0.3*2)*(E35+0.3*2))*C35*AD35 -> 14.175 | U35: =+S35/0.1 -> 0.383625 | Z35: =(D35+E35)*2*$E$24*C35 -> 0.61 | AB35: 98.5 | AC35: 95.35 | AD35: =AB35-AC35 -> 3.15
A36: =A35+1 -> 6 | B36: F-04 | C36: 1 | D36: 3.5 | E36: 2.5 | F36: 0.7 | G36: =+E36 -> 2.5 | Q36: =C36*D36*F36*G36 -> 6.125 | R36: =((D36*F36+E36*F36)*2)*C36-(2.8+2.875)*F36 -> 4.4275 | S36: =((D36*$F$27*2)*(E36+$F$27*2))*$E$24*C36 -> 0.139125 | T36: =((D36+0.3*2)*(E36+0.3*2))*C36*AD36 -> 8.61738 | U36: =+S36/0.1 -> 1.39125 | Z36: =(D36+E36)*2*$E$24*C36 -> 1.2 | AB36: 101.078 | AC36: 100.4 | AD36: =AB36-AC36 -> 0.678
A37: =A36+1 -> 7 | B37: F-05 | C37: 1 | D37: 2.7 | E37: 2 | F37: 0.7 | G37: =+E37 -> 2 | Q37: =C37*D37*F37*G37 -> 3.78 | R37: =((D37*F37+E37*F37)*2)*C37 -> 6.58 | S37: =((D37*$F$27*2)*(E37+$F$27*2))*$E$24*C37 -> 0.087075 | T37: =((D37+0.3*2)*(E37+0.3*2))*C37*AD37 -> 5.81724 | U37: =+S37/0.1 -> 0.87075 | Z37: =(D37+E37)*2*$E$24*C37 -> 0.94 | AB37: 101.078 | AC37: 100.4 | AD37: =AB37-AC37 -> 0.678
A38: =A37+1 -> 8 | B38: F-06 | C38: 6 | D38: 3.9 | E38: 3 | F38: 0.9 | G38: =+E38 -> 3 | Q38: =C38*D38*F38*G38 -> 63.18 | R38: =((D38*F38+E38*F38)*2)*C38-(2*2.8*F38*C38) -> 44.28 | S38: =((D38*$F$27*2)*(E38+$F$27*2))*$E$24*C38 -> 1.10565 | T38: =((D38+0.3*2)*(E38+0.3*2))*C38*AD38 -> 200.0862 | U38: =+S38/0.1 -> 11.0565 | Z38: =(D38+E38)*2*$E$24*C38 -> 8.28 | AB38: =AVERAGE(102.252,102.665) -> 102.4585 | AC38: 100.4 | AD38: =AB38-AC38 -> 2.0585
A39: =A38+1 -> 9 | B39: F-07 | C39: 1 | D39: 5.8 | E39: 2.3 | F39: 0.75 | G39: =+E39 -> 2.3 | Q39: =C39*D39*F39*G39 -> 10.005 | R39: =((D39*F39*2+E39*F39))*C39 -> 10.425 | S39: =((D39*$F$27*2)*(E39+$F$27*2))*$E$24*C39 -> 0.21315 | T39: =((D39+0.3*2)*(E39+0.3*2))*C39*AD39 -> 38.20576 | U39: =+S39/0.1 -> 2.1315 | Z39: =(D39+E39)*2*$E$24*C39 -> 1.62 | AB39: =AVERAGE(102.252,102.665) -> 102.4585 | AC39: 100.4 | AD39: =AB39-AC39 -> 2.0585
A40: =A39+1 -> 10 | B40: CF-01-PL | C40: 1 | D40: 55.198829 | E40: 33.799658 | F40: 1 | G40: =+E40 -> 33.799658 | Q40: =C40*D40*F40 -> 55.198829 | R40: =C40*E40*F40 -> 33.799658 | S40: =34.399658*E24*C40 -> 3.4399658 | T40: =((D40)*C40*AD40) -> 248.94672 | U40: =+S40/0.1 -> 34.399658 | Z40: =(D40+E40)*2*$E$24*C40 -> 17.799697 | AB40: =AVERAGE(98.5,102.252,101.078) -> 100.61 | AC40: 96.1 | AD40: =AB40-AC40 -> 4.51
A41: =A40+1 -> 11 | B41: CF-02 | C41: 1 | D41: 6.35 | E41: 2.7 | F41: 0.9 | G41: =+E41 -> 2.7 | Q41: =C41*D41*F41*G41 -> 15.4305 | R41: =((D41*F41+E41*F41)*2)*C41-(2.8*F41) -> 13.77 | S41: =((D41*$F$27*2)*(E41+$F$27*2))*$E$24*C41 -> 0.2714625 | T41: =((D41+0.3*2)*(E41+0.3*2))*C41*AD41 -> 15.54993 | U41: =+S41/0.1 -> 2.714625 | Z41: =(D41+E41)*2*$E$24*C41 -> 1.81 | AB41: 101.078 | AC41: 100.4 | AD41: =AB41-AC41 -> 0.678

Sheet Columns
B2: Floor Levels | C2: Height | D2: Concrete Qty | E2: Shuttering Qty
B3: Footing top to LGF | C3: - | D3: =G31 -> 39.151 | E3: =H31 -> 334.41
B4: LGF-GF | C4: =106.2-102 -> 4.2 | D4: =G52 -> 47.208 | E4: =H52 -> 405.72
B5: GF-FF | C5: =110.7-106.2 -> 4.5 | D5: =G72 -> 43.11 | E5: =H72 -> 400.5
B6: FF-TF | C6: =114.3-110.7 -> 3.6 | D6: =G91 -> 34.488 | E6: =H91 -> 320.4
B7: TF-OHT Level | C7: =117.2-114.3 -> 2.9 | D7: =G102 -> 9.338 | E7: =H102 -> 89.32
B8: TOTAL | D8: =SUM(D3:D7) -> 173.295 | E8: =SUM(E3:E7) -> 1550.35
B10: Footing top to LGF
A11: S.No | B11: Description | C11: Nos | D11: Length | E11: Breadth | F11: Depth | G11: Concrete Qty | H11: Shuttering Qty | M11: =G31+G52+G72+G91+G102 -> 173.295 | N11: =H31+H52+H72+H91+H102 -> 1550.35
A12: 1 | B12: C1 | C12: 3 | D12: 1.2 | E12: 0.3 | F12: =(102-100.4) -> 1.6 | G12: =C12*(D12*E12*F12) -> 1.728 | H12: =C12*(D12+E12)*2*F12 -> 14.4
A13: 2 | B13: C1A | C13: 3 | D13: 1.2 | E13: 0.3 | F13: =(102-100.4) -> 1.6 | G13: =C13*(D13*E13*F13) -> 1.728 | H13: =C13*(D13+E13)*2*F13 -> 14.4
A14: 3 | B14: C1B | C14: 2 | D14: 1.2 | E14: 0.3 | F14: =(102-100.4) -> 1.6 | G14: =C14*(D14*E14*F14) -> 1.152 | H14: =C14*(D14+E14)*2*F14 -> 9.6
A15: 4 | B15: C2 | C15: 1 | D15: 1.4 | E15: 0.3 | F15: =(102-100.4) -> 1.6 | G15: =C15*(D15*E15*F15) -> 0.672 | H15: =C15*(D15+E15)*2*F15 -> 5.44
A16: 5 | B16: C3 | C16: 1 | D16: 1.4 | E16: 0.3 | F16: =(102-100.4) -> 1.6 | G16: =C16*(D16*E16*F16) -> 0.672 | H16: =C16*(D16+E16)*2*F16 -> 5.44
A17: 6 | B17: C4 | C17: 1 | D17: 1.4 | E17: 0.3 | F17: =(102-96) -> 6 | G17: =C17*(D17*E17*F17) -> 2.52 | H17: =C17*(D17+E17)*2*F17 -> 20.4
A18: 7 | B18: C5 | C18: 1 | D18: 1.4 | E18: 0.3 | F18: =(102-96.1) -> 5.9 | G18: =C18*(D18*E18*F18) -> 2.478 | H18: =C18*(D18+E18)*2*F18 -> 20.06
B19: C5 | C19: 1 | D19: 1.4 | E19: 0.3 | F19: =(102-96.9) -> 5.1 | G19: =C19*(D19*E19*F19) -> 2.142 | H19: =C19*(D19+E19)*2*F19 -> 17.34 | L19: =101.5-1 -> 100.5
A20: 8 | B20: C6 | C20: 1 | D20: 1 | E20: 0.2 | F20: =(102-96.1) -> 5.9 | G20: =C20*(D20*E20*F20) -> 1.18 | H20: =C20*(D20+E20)*2*F20 -> 14.16
A21: 9 | B21: C7 | C21: 2 | D21: 1.4 | E21: 0.3 | F21: =(102-100.4) -> 1.6 | G21: =C21*(D21*E21*F21) -> 1.344 | H21: =C21*(D21+E21)*2*F21 -> 10.88
A22: 10 | B22: C8 | C22: 1 | D22: 1.4 | E22: 0.3 | F22: =(102-100.4) -> 1.6 | G22: =C22*(D22*E22*F22) -> 0.672 | H22: =C22*(D22+E22)*2*F22 -> 5.44
A23: 11 | B23: C9 | C23: 1 | D23: 1 | E23: 0.3 | F23: =(102-100.4) -> 1.6 | G23: =C23*(D23*E23*F23) -> 0.48 | H23: =C23*(D23+E23)*2*F23 -> 4.16
A24: 12 | B24: C10 | C24: 2 | D24: 1 | E24: 0.3 | F24: =(102-100.4) -> 1.6 | G24: =C24*(D24*E24*F24) -> 0.96 | H24: =C24*(D24+E24)*2*F24 -> 8.32
A25: 13 | B25: C11 | C25: 2 | D25: 1.2 | E25: 0.3 | F25: =(102-96.25) -> 5.75 | G25: =C25*(D25*E25*F25) -> 4.14 | H25: =C25*(D25+E25)*2*F25 -> 34.5
A26: 14 | B26: C13 | C26: 1 | D26: 1.2 | E26: 0.3 | F26: =(102-96.25) -> 5.75 | G26: =C26*(D26*E26*F26) -> 2.07 | H26: =C26*(D26+E26)*2*F26 -> 17.25
A27: 15 | B27: C14 | C27: 1 | D27: 1.2 | E27: 0.3 | F27: =(102-96.1) -> 5.9 | G27: =C27*(D27*E27*F27) -> 2.124 | H27: =C27*(D27+E27)*2*F27 -> 17.7
B28: C14 | C28: 4 | D28: 1.2 | E28: 0.3 | F28: =(102-98.6) -> 3.4 | G28: =C28*(D28*E28*F28) -> 4.896 | H28: =C28*(D28+E28)*2*F28 -> 40.8
A29: 16 | B29: C15 | C29: 1 | D29: 2.6 | E29: 0.3 | F29: =(102-96.1) -> 5.9 | G29: =C29*(D29*E29*F29) -> 4.602 | H29: =C29*(D29+E29)*2*F29 -> 34.22
A30: 17 | B30: C16 | C30: 4 | D30: 0.45 | E30: 0.3 | F30: =(102-95.35) -> 6.65 | G30: =C30*(D30*E30*F30) -> 3.591 | H30: =C30*(D30+E30)*2*F30 -> 39.9
B31: TOTAL | G31: =SUM(G12:G30) -> 39.151 | H31: =SUM(H12:H30) -> 334.41 | K31: =G31/F12*C3 -> #VALUE!
B33: LGF-GF
A34: S.No | B34: Description | C34: Nos | D34: Length | E34: Breadth | F34: Depth | G34: Concrete Qty | H34: Shuttering Qty
A35: 1 | B35: C1 | C35: 3 | D35: 1.2 | E35: 0.3 | F35: =$C$4 -> 4.2 | G35: =C35*(D35*E35*F35) -> 4.536 | H35: =C35*(D35+E35)*2*F35 -> 37.8
A36: 2 | B36: C1A | C36: 3 | D36: 1.2 | E36: 0.3 | F36: =$C$4 -> 4.2 | G36: =C36*(D36*E36*F36) -> 4.536 | H36: =C36*(D36+E36)*2*F36 -> 37.8
A37: 3 | B37: C1B | C37: 2 | D37: 1.2 | E37: 0.3 | F37: =$C$4 -> 4.2 | G37: =C37*(D37*E37*F37) -> 3.024 | H37: =C37*(D37+E37)*2*F37 -> 25.2
A38: 4 | B38: C2 | C38: 1 | D38: 1.4 | E38: 0.3 | F38: =$C$4 -> 4.2 | G38: =C38*(D38*E38*F38) -> 1.764 | H38: =C38*(D38+E38)*2*F38 -> 14.28
A39: 5 | B39: C3 | C39: 1 | D39: 1.4 | E39: 0.3 | F39: =$C$4 -> 4.2 | G39: =C39*(D39*E39*F39) -> 1.764 | H39: =C39*(D39+E39)*2*F39 -> 14.28
A40: 6 | B40: C4 | C40: 1 | D40: 1.4 | E40: 0.3 | F40: =$C$4 -> 4.2 | G40: =C40*(D40*E40*F40) -> 1.764 | H40: =C40*(D40+E40)*2*F40 -> 14.28
A41: 7 | B41: C5 | C41: 2 | D41: 1.4 | E41: 0.3 | F41: =$C$4 -> 4.2 | G41: =C41*(D41*E41*F41) -> 3.528 | H41: =C41*(D41+E41)*2*F41 -> 28.56
A42: 8 | B42: C6 | C42: 1 | D42: 1 | E42: 0.2 | F42: =$C$4 -> 4.2 | G42: =C42*(D42*E42*F42) -> 0.84 | H42: =C42*(D42+E42)*2*F42 -> 10.08
A43: 9 | B43: C7 | C43: 2 | D43: 1.4 | E43: 0.3 | F43: =$C$4 -> 4.2 | G43: =C43*(D43*E43*F43) -> 3.528 | H43: =C43*(D43+E43)*2*F43 -> 28.56
A44: 10 | B44: C8 | C44: 1 | D44: 1.4 | E44: 0.3 | F44: =$C$4 -> 4.2 | G44: =C44*(D44*E44*F44) -> 1.764 | H44: =C44*(D44+E44)*2*F44 -> 14.28
A45: 11 | B45: C9 | C45: 1 | D45: 1 | E45: 0.2 | F45: =$C$4 -> 4.2 | G45: =C45*(D45*E45*F45) -> 0.84 | H45: =C45*(D45+E45)*2*F45 -> 10.08
A46: 12 | B46: C10 | C46: 2 | D46: 1 | E46: 0.2 | F46: =$C$4 -> 4.2 | G46: =C46*(D46*E46*F46) -> 1.68 | H46: =C46*(D46+E46)*2*F46 -> 20.16
... A48: 14 | B48: C13 | C48: 1 | D48: 1.2 | E48: 0.3 | F48: =$C$4 -> 4.2 | G48: =C48*(D48*E48*F48) -> 1.512 | H48: =C48*(D48+E48)*2*F48 -> 12.6
A49: 15 | B49: C14 | C49: 5 | D49: 1.2 | E49: 0.3 | F49: =$C$4 -> 4.2 | G49: =C49*(D49*E49*F49) -> 7.56 | H49: =C49*(D49+E49)*2*F49 -> 63 | M49: =6.416/2 -> 3.208 | N49: =28.5-14 -> 14.5
A50: 16 | B50: C15 | C50: 1 | D50: 2.6 | E50: 0.3 | F50: =$C$4 -> 4.2 | G50: =C50*(D50*E50*F50) -> 3.276 | H50: =C50*(D50+E50)*2*F50 -> 24.36
A51: 17 | B51: C16 | C51: 4 | D51: 0.45 | E51: 0.3 | F51: =$C$4 -> 4.2 | G51: =C51*(D51*E51*F51) -> 2.268 | H51: =C51*(D51+E51)*2*F51 -> 25.2
B52: Total | G52: =SUM(G35:G51) -> 47.208 | H52: =SUM(H35:H51) -> 405.72
B54: GF-FF
A55: S.No | B55: Description | C55: Nos | D55: Length | E55: Breadth | F55: Depth | G55: Concrete Qty | H55: Shuttering Qty
A56: 1 | B56: C1 | C56: 3 | D56: 1.2 | E56: 0.3 | F56: =$C$5 -> 4.5 | G56: =C56*(D56*E56*F56) -> 4.86 | H56: =C56*(D56+E56)*2*F56 -> 40.5
A57: 2 | B57: C1A | C57: 3 | D57: 1.2 | E57: 0.3 | F57: =$C$5 -> 4.5 | G57: =C57*(D57*E57*F57) -> 4.86 | H57: =C57*(D57+E57)*2*F57 -> 40.5
A58: 3 | B58: C1B | C58: 2 | D58: 1.2 | E58: 0.3 | F58: =$C$5 -> 4.5 | G58: =C58*(D58*E58*F58) -> 3.24 | H58: =C58*(D58+E58)*2*F58 -> 27
A59: 4 | B59: C2 | C59: 1 | D59: 1.4 | E59: 0.2 | F59: =$C$5 -> 4.5 | G59: =C59*(D59*E59*F59) -> 1.26 | H59: =C59*(D59+E59)*2*F59 -> 14.4
A60: 5 | B60: C3 | C60: 1 | D60: 1.4 | E60: 0.2 | F60: =$C$5 -> 4.5 | G60: =C60*(D60*E60*F60) -> 1.26 | H60: =C60*(D60+E60)*2*F60 -> 14.4
A61: 6 | B61: C4 | C61: 1 | D61: 1.4 | E61: 0.2 | F61: =$C$5 -> 4.5 | G61: =C61*(D61*E61*F61) -> 1.26 | H61: =C61*(D61+E61)*2*F61 -> 14.4
A62: 7 | B62: C5 | C62: 2 | D62: 1.4 | E62: 0.2 | F62: =$C$5 -> 4.5 | G62: =C62*(D62*E62*F62) -> 2.52 | H62: =C62*(D62+E62)*2*F62 -> 28.8
A63: 8 | B63: C6 | C63: 1 | D63: 1 | E63: 0.2 | F63: =$C$5 -> 4.5 | G63: =C63*(D63*E63*F63) -> 0.9 | H63: =C63*(D63+E63)*2*F63 -> 10.8
A64: 9 | B64: C7 | C64: 2 | D64: 1.4 | E64: 0.2 | F64: =$C$5 -> 4.5 | G64: =C64*(D64*E64*F64) -> 2.52 | H64: =C64*(D64+E64)*2*F64 -> 28.8
A65: 10 | B65: C8 | C65: 1 | D65: 1.4 | E65: 0.2 | F65: =$C$5 -> 4.5 | G65: =C65*(D65*E65*F65) -> 1.26 | H65: =C65*(D65+E65)*2*F65 -> 14.4
A66: 11 | B66: C9 | C66: 1 | D66: 1 | E66: 0.2 | F66: =$C$5 -> 4.5 | G66: =C66*(D66*E66*F66) -> 0.9 | H66: =C66*(D66+E66)*2*F66 -> 10.8
A67: 12 | B67: C10 | C67: 2 | D67: 1 | E67: 0.2 | F67: =$C$5 -> 4.5 | G67: =C67*(D67*E67*F67) -> 1.8 | H67: =C67*(D67+E67)*2*F67 -> 21.6
... A71: 16 | B71: C15 | C71: 1 | D71: 2.6 | E71: 0.3 | F71: =$C$5 -> 4.5 | G71: =C71*(D71*E71*F71) -> 3.51 | H71: =C71*(D71+E71)*2*F71 -> 26.1
G72: =SUM(G56:G71) -> 43.11 | H72: =SUM(H56:H71) -> 400.5
B73: FF-TF
A74: S.No | B74: Description | C74: Nos | D74: Length | E74: Breadth | F74: Depth | G74: Concrete Qty | H74: Shuttering Qty
A75: 1 | B75: C1 | C75: 3 | D75: 1.2 | E75: 0.3 | F75: =$C$6 -> 3.6 | G75: =C75*(D75*E75*F75) -> 3.888 | H75: =C75*(D75+E75)*2*F75 -> 32.4
A76: 2 | B76: C1A | C76: 3 | D76: 1.2 | E76: 0.3 | F76: =$C$6 -> 3.6 | G76: =C76*(D76*E76*F76) -> 3.888 | H76: =C76*(D76+E76)*2*F76 -> 32.4
A77: 3 | B77: C1B | C77: 2 | D77: 1.2 | E77: 0.3 | F77: =$C$6 -> 3.6 | G77: =C77*(D77*E77*F77) -> 2.592 | H77: =C77*(D77+E77)*2*F77 -> 21.6
A78: 4 | B78: C2 | C78: 1 | D78: 1.4 | E78: 0.2 | F78: =$C$6 -> 3.6 | G78: =C78*(D78*E78*F78) -> 1.008 | H78: =C78*(D78+E78)*2*F78 -> 11.52
A79: 5 | B79: C3 | C79: 1 | D79: 1.4 | E79: 0.2 | F79: =$C$6 -> 3.6 | G79: =C79*(D79*E79*F79) -> 1.008 | H79: =C79*(D79+E79)*2*F79 -> 11.52
A80: 6 | B80: C4 | C80: 1 | D80: 1.4 | E80: 0.2 | F80: =$C$6 -> 3.6 | G80: =C80*(D80*E80*F80) -> 1.008 | H80: =C80*(D80+E80)*2*F80 -> 11.52
A81: 7 | B81: C5 | C81: 2 | D81: 1.4 | E81: 0.2 | F81: =$C$6 -> 3.6 | G81: =C81*(D81*E81*F81) -> 2.016 | H81: =C81*(D81+E81)*2*F81 -> 23.04
A82: 8 | B82: C6 | C82: 1 | D82: 1 | E82: 0.2 | F82: =$C$6 -> 3.6 | G82: =C82*(D82*E82*F82) -> 0.72 | H82: =C82*(D82+E82)*2*F82 -> 8.64
A83: 9 | B83: C7 | C83: 2 | D83: 1.4 | E83: 0.2 | F83: =$C$6 -> 3.6 | G83: =C83*(D83*E83*F83) -> 2.016 | H83: =C83*(D83+E83)*2*F83 -> 23.04
A84: 10 | B84: C8 | C84: 1 | D84: 1.4 | E84: 0.2 | F84: =$C$6 -> 3.6 | G84: =C84*(D84*E84*F84) -> 1.008 | H84: =C84*(D84+E84)*2*F84 -> 11.52
A85: 11 | B85: C9 | C85: 1 | D85: 1 | E85: 0.2 | F85: =$C$6 -> 3.6 | G85: =C85*(D85*E85*F85) -> 0.72 | H85: =C85*(D85+E85)*2*F85 -> 8.64
A86: 12 | B86: C10 | C86: 2 | D86: 1 | E86: 0.2 | F86: =$C$6 -> 3.6 | G86: =C86*(D86*E86*F86) -> 1.44 | H86: =C86*(D86+E86)*2*F86 -> 17.28
... A90: 16 | B90: C15 | C90: 1 | D90: 2.6 | E90: 0.3 | F90: =$C$6 -> 3.6 | G90: =C90*(D90*E90*F90) -> 2.808 | H90: =C90*(D90+E90)*2*F90 -> 20.88
G91: =SUM(G75:G90) -> 34.488 | H91: =SUM(H75:H90) -> 320.4
B92: TF-OHT Level
A93: S.No | B93: Description | C93: Nos | D93: Length | E93: Breadth | F93: Depth | G93: Concrete Qty | H93: Shuttering Qty
A94: 1 | B94: C1B | C94: 2 | D94: 1.2 | E94: 0.3 | F94: =$C$7 -> 2.9 | G94: =C94*(D94*E94*F94) -> 2.088 | H94: =C94*(D94+E94)*2*F94 -> 17.4
A95: 2 | B95: C4 | C95: 1 | D95: 1.4 | E95: 0.2 | F95: =$C$7 -> 2.9 | G95: =C95*(D95*E95*F95) -> 0.812 | H95: =C95*(D95+E95)*2*F95 -> 9.28
A96: 3 | B96: C6 | C96: 1 | D96: 1 | E96: 0.2 | F96: =$C$7 -> 2.9 | G96: =C96*(D96*E96*F96) -> 0.58 | H96: =C96*(D96+E96)*2*F96 -> 6.96
A97: 4 | B97: C8 | C97: 1 | D97: 1.4 | E97: 0.2 | F97: =$C$7 -> 2.9 | G97: =C97*(D97*E97*F97) -> 0.812 | H97: =C97*(D97+E97)*2*F97 -> 9.28
A98: 5 | B98: C9 | C98: 1 | D98: 1 | E98: 0.2 | F98: =$C$7 -> 2.9 | G98: =C98*(D98*E98*F98) -> 0.58 | H98: =C98*(D98+E98)*2*F98 -> 6.96
A99: 6 | B99: C10 | C99: 2 | D99: 1 | E99: 0.2 | F99: =$C$7 -> 2.9 | G99: =C99*(D99*E99*F99) -> 1.16 | H99: =C99*(D99+E99)*2*F99 -> 13.92
A100: 7 | B100: C13 | C100: 1 | D100: 1.2 | E100: 0.3 | F100: =$C$7 -> 2.9 | G100: =C100*(D100*E100*F100) -> 1.044 | H100: =C100*(D100+E100)*2*F100 -> 8.7
A101: 8 | B101: C15 | C101: 1 | D101: 2.6 | E101: 0.3 | F101: =$C$7 -> 2.9 | G101: =C101*(D101*E101*F101) -> 2.262 | H101: =C101*(D101+E101)*2*F101 -> 16.82
G102: =SUM(G94:G101) -> 9.338 | H102: =SUM(H94:H101) -> 89.32
B104: Parapet Wall
A105: S.No | B105: Description | C105: Nos | D105: Length | E105: Breadth | F105: Depth | G105: Concrete Qty | H105: Shuttering Qty
A106: 1 | B106: PW-01 | C106: 1 | D106: 80.695775 | E106: 0.2 | F106: 1.2 | G106: =C106*(D106*E106*F106) -> 19.366986 | H106: =C106*(D106+E106)*2*F106 -> 194.14986
A107: 2 | B107: PW-02 | C107: 1 | D107: 16.259438 | E107: 0.3 | F107: 1.8 | G107: =C107*(D107*E107*F107) -> 8.7800966 | H107: =C107*(D107+E107)*2*F107 -> 59.613977
G108: =SUM(G106:G107) -> 28.147083 | H108: =SUM(H106:H107) -> 253.76384
B110: RCC Column For Supporting Railing
A111: S.No | B111: Description | C111: Nos | D111: Length | E111: Breadth | F111: Depth | G111: Concrete Qty | H111: Shuttering Qty
A112: 1 | B112: CSR | C112: =ROUNDDOWN(104.752704/3,0) -> 34 | D112: 0.3 | E112: 0.3 | F112: 1.2 | G112: =C112*(D112*E112*F112) -> 3.672 | H112: =C112*(D112+E112)*2*F112 -> 48.96
G113: =SUM(G112:G112) -> 3.672 | H113: =SUM(H112:H112) -> 48.96
...

Sheet Beams
B1: Sl No | C1: Desc | D1: Nos | E1: L | F1: B | G1: D | H1: Concrete | I1: Bottom Shuttering | J1: Side Total | K1: Slab tk | L1: d(m) | M1: qty(m2) | N1: Slab tk | O1: d(m) | P1: qty(m2) | Q1: Column left | R1: Column right | S1: Qty | T1: Beam | U1: Beam | V1: Beam | W1: Beam | X1: Beam | Y1: Beam | Z1: Area | AC1: Sunken Depth | AD1: Sunken Depth | AJ1: 1 | AK1: 2 | AL1: 3 | AM1: 4 | AN1: 5 | AO1: 6 | AP1: 7 | AQ1: 8 | AR1: 9 | AS1: 10 | AT1: 11 | AV1: 1 | AW1: 2 | AX1: 3 | AY1: 4 | AZ1: 5 | BA1: 6 | BB1: 7 | BC1: 8 | BD1: 9 | BE1: 10 | BF1: 11 | BH1: 1 | BI1: 2 | BJ1: 3 | BK1: 4 | BL1: 5 | BM1: 6 | BN1: 7 | BO1: 8 | BP1: 9 | BQ1: 10 | BR1: 11
B2: PROJECT NAME | D2: SKECT
B3: ACTIVITY | D3: BEAMS
B6: Sl.No | C6: Description | D6: Unit | E6: =+D2 -> SKECT
E7: Quantities | P7: Total
E8: 1 | F8: 1
B9: I | C9: Concrete
C10: Plinth PCC | D10: Cum | E10: =AI153 -> 13.64334 | P10: =+SUMPRODUCT($E$8:$O$8,E10:O10) -> 13.64334
C11: Lower Ground Floor - Plinth | D11: Cum | E11: =+H153 -> 49.34946 | P11: =+SUMPRODUCT($E$8:$O$8,E11:O11) -> 49.34946
C12: Upper Ground floor | D12: Cum | E12: =H324 -> 94.551452 | P12: =+SUMPRODUCT($E$8:$O$8,E12:O12) -> 94.551452
C13: First Floor | D13: Cum | E13: =H507 -> 95.8398 | P13: =+SUMPRODUCT($E$8:$O$8,E13:O13) -> 95.8398
C14: Terrace Floor | D14: Cum | E14: =H688 -> 95.34382 | P14: =+SUMPRODUCT($E$8:$O$8,E14:O14) -> 95.34382
C15: Upper Terrace Floor | D15: Cum | E15: =H708 -> 9.8292 | P15: =+SUMPRODUCT($E$8:$O$8,E15:O15) -> 9.8292
B17: I | C17: Shuttering | P17: =+SUMPRODUCT($E$8:$O$8,E17:O17) -> 0
C18: Lower Ground Floor - Plinth | D18: Sqm | E18: =+I153+J153 -> 292.94685 | P18: =+SUMPRODUCT($E$8:$O$8,E18:O18) -> 292.94685
C19: Upper Ground floor | D19: Sqm | E19: =I324+J324 -> 716.18571 | P19: =+SUMPRODUCT($E$8:$O$8,E19:O19) -> 716.18571
C20: First Floor | D20: Sqm | E20: =I507+J507 -> 762.2164 | P20: =+SUMPRODUCT($E$8:$O$8,E20:O20) -> 762.2164
C21: Terrace Floor | D21: Sqm | E21: =I688+J688 -> 758.1582 | P21: =+SUMPRODUCT($E$8:$O$8,E21:O21) -> 758.1582
C22: Upper Terrace Floor | D22: Sqm | E22: =I708+J708 -> 81.80375 | P22: =+SUMPRODUCT($E$8:$O$8,E22:O22) -> 81.80375
C39: PCC Offset | E39: 0.1
C40: PCC thickness | E40: 0.1
J43: Side (1+2) | K43: Side 1 | L43: Side 1 | M43: Side 1 | N43: Side 2 | O43: Side 2 | P43: Side 2 | T43: intersecting | AC43: Side 1 | AD43: Side 2
B44: Sl No | C44: Desc | D44: Nos | E44: L | F44: B | G44: D | H44: Concrete | I44: Bottom Shuttering | J44: Side Total | K44: Slab tk | L44: d(m) | M44: qty(m2) | N44: Slab tk | O44: d(m) | P44: qty(m2) | Q44: Column left | R44: Column right | S44: Qty | T44: Beam | U44: Beam | V44: Beam | W44: Beam | X44: Beam | Y44: Beam | Z44: Area | AC44: Sunken Depth
A45: Lower Ground Floor Beam | AE45: tower | AG45: Podium | AI45: PCC
AE46: D<0.60 | AF46: D>0.60 | AG46: D<0.60 | AH46: D>0.60
B47: 1 | C47: PB1 | D47: 1 | E47: 6.55 | F47: 0.3 | G47: 0.6 | H47: =+PRODUCT(D47:G47) -> 1.179 | I47: =PRODUCT(D47,E47,F47)*0 -> 0 | J47: =+M47+P47 -> 5.40375 | K47: 0.2 | L47: =+G47-K47 -> 0.4 | M47: =+PRODUCT(D47,E47,L47) -> 2.62 | N47: 0.175 | O47: =+G47-N47 -> 0.425 | P47: =+PRODUCT(D47:E47,O47) -> 2.78375 | S47: =+SUM(Q47:R47)*(L47+O47)/2*2 -> 0 | Z47: =IFERROR(VLOOKUP(T47,$C$47:$G$688,4,FALSE)*VLOOKUP(T47,$C$47:$G$688,5,FALSE),)+IFERROR(VLOOKUP(U47,$C$47:$G$688,4,FALSE)*VLOOKUP(U47,$C$47:$G$688,5,FALSE),)+IFERROR(VLOOKUP(V47,$C$47:$G$9916,4,FALSE)*VLOOKUP(V47,$C$47:$G$688,5,FALSE),)+IFERROR(VLOOKUP(W47,$C$47:$G$688,4,FALSE)*VLOOKUP(W47,$C$47:$G$688,5,FALSE),)+IFERROR(VLOOKUP(X47,$C$47:$G$688,4,FALSE)*VLOOKUP(X47,$C$47:$G$688,5,FALSE),)+IFERROR(VLOOKUP(Y47,$C$47:$G$688,4,FALSE)*VLOOKUP(Y47,$C$47:$G$688,5,FALSE),) -> 0 | AE47: =+IF(G47<0.75,(I47+J47),0) -> 5.40375 | AF47: =+IF(G47<0.75,0,(I47+J47)) -> 0 | AI47: =D47*(E47*(F47+$E$39*2)*$E$40) -> 0.3275
B48: 2 | C48: PB2 | D48: 1 | E48: 6.648 | F48: 0.3 | G48: 0.6 | H48: =+PRODUCT(D48:G48) -> 1.19664 | I48: =PRODUCT(D48,E48,F48)*0 -> 0 | J48: =+M48+P48 -> 5.4846 | K48: 0.2 | L48: =+G48-K48 -> 0.4 | M48: =+PRODUCT(D48,E48,L48) -> 2.6592 | N48: 0.175 | O48: =+G48-N48 -> 0.425 | P48: =+PRODUCT(D48:E48,O48) -> 2.8254 | S48: =+SUM(Q48:R48)*(L48+O48)/2*2 -> 0 | Z48: =IFERROR(VLOOKUP(T48,$C$47:$G$688,4,FALSE)*VLOOKUP(T48,$C$47:$G$688,5,FALSE),)+IFERROR(VLOOKUP(U48,$C$47:$G$688,4,FALSE)*VLOOKUP(U48,$C$47:$G$688,5,FALSE),)+IFERROR(VLOOKUP(V48,$C$47:$G$9916,4,FALSE)*VLOOKUP(V48,$C$47:$G$688,5,FALSE),)+IFERROR(VLOOKUP(W48,$C$47:$G$688,4,FALSE)*VLOOKUP(W48,$C$47:$G$688,5,FALSE),)+IFERROR(VLOOKUP(X48,$C$47:$G$688,4,FALSE)*VLOOKUP(X48,$C$47:$G$688,5,FALSE),)+IFERROR(VLOOKUP(Y48,$C$47:$G$688,4,FALSE)*VLOOKUP(Y48,$C$47:$G$688,5,FALSE),) -> 0 | AE48: =+IF(G48<0.75,(I48+J48),0) -> 5.4846 | AF48: =+IF(G48<0.75,0,(I48+J48)) -> 0 | AI48: =D48*(E48*(F48+$E$39*2)*$E$40) -> 0.3324
B49: 3 | C49: PB3 | D49: 1 | E49: 2 | F49: 0.3 | G49: 0.6 | H49: =+PRODUCT(D49:G49) -> 0.36 | I49: =PRODUCT(D49,E49,F49)*0 -> 0 | J49: =+M49+P49 -> 1.7 | K49: 0.2 | L49: =+G49-K49 -> 0.4 | M49: =+PRODUCT(D49,E49,L49) -> 0.8 | N49: 0.15 | O49: =+G49-N49 -> 0.45 | P49: =+PRODUCT(D49:E49,O49) -> 0.9 | S49: =+SUM(Q49:R49)*(L49+O49)/2*2 -> 0 | Z49: =IFERROR(VLOOKUP(T49,$C$47:$G$688,4,FALSE)*VLOOKUP(T49,$C$47:$G$688,5,FALSE),)+IFERROR(VLOOKUP(U49,$C$47:$G$688,4,FALSE)*VLOOKUP(U49,$C$47:$G$688,5,FALSE),)+IFERROR(VLOOKUP(V49,$C$47:$G$9916,4,FALSE)*VLOOKUP(V49,$C$47:$G$688,5,FALSE),)+IFERROR(VLOOKUP(W49,$C$47:$G$688,4,FALSE)*VLOOKUP(W49,$C$47:$G$688,5,FALSE),)+IFERROR(VLOOKUP(X49,$C$47:$G$688,4,FALSE)*VLOOKUP(X49,$C$47:$G$688,5,FALSE),)+IFERROR(VLOOKUP(Y49,$C$47:$G$688,4,FALSE)*VLOOKUP(Y49,$C$47:$G$688,5,FALSE),) -> 0 | AE49: =+IF(G49<0.75,(I49+J49),0) -> 1.7 | AF49: =+IF(G49<0.75,0,(I49+J49)) -> 0 | AI49: =D49*(E49*(F49+$E$39*2)*$E$40) -> 0.1
B50: 4 | C50: PB4 | D50: 1 | E50: 4.323 | F50: 0.3 | G50: 0.6 | H50: =+PRODUCT(D50:G50) -> 0.77814 | I50: =PRODUCT(D50,E50,F50)*0 -> 0 | J50: =+M50+P50 -> 3.566475 | K50: 0.2 | L50: =+G50-K50 -> 0.4 | M50: =+PRODUCT(D50,E50,L50) -> 1.7292 | N50: 0.175 | O50: =+G50-N50 -> 0.425 | P50: =+PRODUCT(D50:E50,O50) -> 1.837275 | S50: =+SUM(Q50:R50)*(L50+O50)/2*2 -> 0 | Z50: =IFERROR(VLOOKUP(T50,$C$47:$G$688,4,FALSE)*VLOOKUP(T50,$C$47:$G$688,5,FALSE),)+IFERROR(VLOOKUP(U50,$C$47:$G$688,4,FALSE)*VLOOKUP(U50,$C$47:$G$688,5,FALSE),)+IFERROR(VLOOKUP(V50,$C$47:$G$9916,4,FALSE)*VLOOKUP(V50,$C$47:$G$688,5,FALSE),)+IFERROR(VLOOKUP(W50,$C$47:$G$688,4,FALSE)*VLOOKUP(W50,$C$47:$G$688,5,FALSE),)+IFERROR(VLOOKUP(X50,$C$47:$G$688,4,FALSE)*VLOOKUP(X50,$C$47:$G$688,5,FALSE),)+IFERROR(VLOOKUP(Y50,$C$47:$G$688,4,FALSE)*VLOOKUP(Y50,$C$47:$G$688,5,FALSE),) -> 0 | AE50: =+IF(G50<0.75,(I50+J50),0) -> 3.566475 | AF50: =+IF(G50<0.75,0,(I50+J50)) -> 0 | AI50: =D50*(E50*(F50+$E$39*2)*$E$40) -> 0.21615
B51: 5 | C51: PB5 | D51: 1 | E51: 6.55 | F51: 0.3 | G51: 0.6 | H51: =+PRODUCT(D51:G51) -> 1.179 | I51: =PRODUCT(D51,E51,F51)*0 -> 0 | J51: =+M51+P51 -> 5.73125 | K51: 0.2 | L51: =+G51-K51 -> 0.4 | M51: =+PRODUCT(D51,E51,L51) -> 2.62 | N51: 0.125 | O51: =+G51-N51 -> 0.475 | P51: =+PRODUCT(D51:E51,O51) -> 3.11125 | S51: =+SUM(Q51:R51)*(L51+O51)/2*2 -> 0 | Z51: =IFERROR(VLOOKUP(T51,$C$47:$G$688,4,FALSE)*VLOOKUP(T51,$C$47:$G$688,5,FALSE),)+IFERROR(VLOOKUP(U51,$C$47:$G$688,4,FALSE)*VLOOKUP(U51,$C$47:$G$688,5,FALSE),)+IFERROR(VLOOKUP(V51,$C$47:$G$9916,4,FALSE)*VLOOKUP(V51,$C$47:$G$688,5,FALSE),)+IFERROR(VLOOKUP(W51,$C$47:$G$688,4,FALSE)*VLOOKUP(W51,$C$47:$G$688,5,FALSE),)+IFERROR(VLOOKUP(X51,$C$47:$G$688,4,FALSE)*VLOOKUP(X51,$C$47:$G$688,5,FALSE),)+IFERROR(VLOOKUP(Y51,$C$47:$G$688,4,FALSE)*VLOOKUP(Y51,$C$47:$G$688,5,FALSE),) -> 0 | AE51: =+IF(G51<0.75,(I51+J51),0) -> 5.73125 | AF51: =+IF(G51<0.75,0,(I51+J51)) -> 0 | AI51: =D51*(E51*(F51+$E$39*2)*$E$40) -> 0.3275
B52: 6 | C52: PB6 | D52: 1 | E52: 6.599 | F52: 0.3 | G52: 0.6 | H52: =+PRODUCT(D52:G52) -> 1.18782 | I52: =PRODUCT(D52,E52,F52)*0 -> 0 | J52: =+M52+P52 -> 5.444175 | K52: 0.2 | L52: =+G52-K52 -> 0.4 | M52: =+PRODUCT(D52,E52,L52) -> 2.6396 | N52: 0.175 | O52: =+G52-N52 -> 0.425 | P52: =+PRODUCT(D52:E52,O52) -> 2.804575 | S52: =+SUM(Q52:R52)*(L52+O52)/2*2 -> 0 | Z52: =IFERROR(VLOOKUP(T52,$C$47:$G$688,4,FALSE)*VLOOKUP(T52,$C$47:$G$688,5,FALSE),)+IFERROR(VLOOKUP(U52,$C$47:$G$688,4,FALSE)*VLOOKUP(U52,$C$47:$G$688,5,FALSE),)+IFERROR(VLOOKUP(V52,$C$47:$G$9916,4,FALSE)*VLOOKUP(V52,$C$47:$G$688,5,FALSE),)+IFERROR(VLOOKUP(W52,$C$47:$G$688,4,FALSE)*VLOOKUP(W52,$C$47:$G$688,5,FALSE),)+IFERROR(VLOOKUP(X52,$C$47:$G$688,4,FALSE)*VLOOKUP(X52,$C$47:$G$688,5,FALSE),)+IFERROR(VLOOKUP(Y52,$C$47:$G$688,4,FALSE)*VLOOKUP(Y52,$C$47:$G$688,5,FALSE),) -> 0 | AE52: =+IF(G52<0.75,(I52+J52),0) -> 5.444175 | AF52: =+IF(G52<0.75,0,(I52+J52)) -> 0 | AI52: =D52*(E52*(F52+$E$39*2)*$E$40) -> 0.32995
B53: 7 | C53: PB7 | D53: 1 | E53: 6.652 | F53: 0.3 | G53: 0.6 | H53: =+PRODUCT(D53:G53) -> 1.19736 | I53: =PRODUCT(D53,E53,F53)*0 -> 0 | J53: =+M53+P53 -> 5.4879 | K53: 0.2 | L53: =+G53-K53 -> 0.4 | M53: =+PRODUCT(D53,E53,L53) -> 2.6608 | N53: 0.175 | O53: =+G53-N53 -> 0.425 | P53: =+PRODUCT(D53:E53,O53) -> 2.8271 | S53: =+SUM(Q53:R53)*(L53+O53)/2*2 -> 0 | T53: PB32A | Z53: =IFERROR(VLOOKUP(T53,$C$47:$G$688,4,FALSE)*VLOOKUP(T53,$C$47:$G$688,5,FALSE),)+IFERROR(VLOOKUP(U53,$C$47:$G$688,4,FALSE)*VLOOKUP(U53,$C$47:$G$688,5,FALSE),)+IFERROR(VLOOKUP(V53,$C$47:$G$9916,4,FALSE)*VLOOKUP(V53,$C$47:$G$688,5,FALSE),)+IFERROR(VLOOKUP(W53,$C$47:$G$688,4,FALSE)*VLOOKUP(W53,$C$47:$G$688,5,FALSE),)+IFERROR(VLOOKUP(X53,$C$47:$G$688,4,FALSE)*VLOOKUP(X53,$C$47:$G$688,5,FALSE),)+IFERROR(VLOOKUP(Y53,$C$47:$G$688,4,FALSE)*VLOOKUP(Y53,$C$47:$G$688,5,FALSE),) -> 0.12 | AE53: =+IF(G53<0.75,(I53+J53),0) -> 5.4879 | AF53: =+IF(G53<0.75,0,(I53+J53)) -> 0 | AI53: =D53*(E53*(F53+$E$39*2)*$E$40) -> 0.3326
B54: 8 | C54: PB8 | D54: 1 | E54: 6.55 | F54: 0.3 | G54: 0.8 | H54: =+PRODUCT(D54:G54) -> 1.572 | I54: =PRODUCT(D54,E54,F54)*0 -> 0 | J54: =+M54+P54 -> 8.02375 | K54: 0.175 | L54: =+G54-K54 -> 0.625 | M54: =+PRODUCT(D54,E54,L54) -> 4.09375 | N54: 0.2 | O54: =+G54-N54 -> 0.6 | P54: =+PRODUCT(D54:E54,O54) -> 3.93 | S54: =+SUM(Q54:R54)*(L54+O54)/2*2 -> 0 | T54: BR35 | U54: BR36 | Z54: =IFERROR(VLOOKUP(T54,$C$47:$G$688,4,FALSE)*VLOOKUP(T54,$C$47:$G$688,5,FALSE),)+IFERROR(VLOOKUP(U54,$C$47:$G$688,4,FALSE)*VLOOKUP(U54,$C$47:$G$688,5,FALSE),)+IFERROR(VLOOKUP(V54,$C$47:$G$9916,4,FALSE)*VLOOKUP(V54,$C$47:$G$688,5,FALSE),)+IFERROR(VLOOKUP(W54,$C$47:$G$688,4,FALSE)*VLOOKUP(W54,$C$47:$G$688,5,FALSE),)+IFERROR(VLOOKUP(X54,$C$47:$G$688,4,FALSE)*VLOOKUP(X54,$C$47:$G$688,5,FALSE),)+IFERROR(VLOOKUP(Y54,$C$47:$G$688,4,FALSE)*VLOOKUP(Y54,$C$47:$G$688,5,FALSE),) -> 0.24 | AE54: =+IF(G54<0.75,(I54+J54),0) -> 0 | AF54: =+IF(G54<0.75,0,(I54+J54)) -> 8.02375 | AI54: =D54*(E54*(F54+$E$39*2)*$E$40) -> 0.3275
B55: 9 | C55: PB9 | D55: 1 | E55: 6.648 | F55: 0.3 | G55: 0.6 | H55: =+PRODUCT(D55:G55) -> 1.19664 | I55: =PRODUCT(D55,E55,F55)*0 -> 0 | J55: =+M55+P55 -> 6.8142 | K55: 0.175 | L55: =+G55-K55 -> 0.425 | M55: =+PRODUCT(D55,E55,L55) -> 2.8254 | N55: 0 | O55: =+G55-N55 -> 0.6 | P55: =+PRODUCT(D55:E55,O55) -> 3.9888 | S55: =+SUM(Q55:R55)*(L55+O55)/2*2 -> 0 | T55: BR39 | U55: BR40 | V55: BR41 | Z55: =IFERROR(VLOOKUP(T55,$C$47:$G$688,4,FALSE)*VLOOKUP(T55,$C$47:$G$688,5,FALSE),)+IFERROR(VLOOKUP(U55,$C$47:$G$688,4,FALSE)*VLOOKUP(U55,$C$47:$G$688,5,FALSE),)+IFERROR(VLOOKUP(V55,$C$47:$G$9916,4,FALSE)*VLOOKUP(V55,$C$47:$G$688,5,FALSE),)+IFERROR(VLOOKUP(W55,$C$47:$G$688,4,FALSE)*VLOOKUP(W55,$C$47:$G$688,5,FALSE),)+IFERROR(VLOOKUP(X55,$C$47:$G$688,4,FALSE)*VLOOKUP(X55,$C$47:$G$688,5,FALSE),)+IFERROR(VLOOKUP(Y55,$C$47:$G$688,4,FALSE)*VLOOKUP(Y55,$C$47:$G$688,5,FALSE),) -> 0.36 | AE55: =+IF(G55<0.75,(I55+J55),0) -> 6.8142 | AF55: =+IF(G55<0.75,0,(I55+J55)) -> 0 | AI55: =D55*(E55*(F55+$E$39*2)*$E$40) -> 0.3324
B56: 10 | C56: PB10 | D56: 1 | E56: 5.475 | F56: 0.3 | G56: 0.8 | H56: =+PRODUCT(D56:G56) -> 1.314 | I56: =PRODUCT(D56,E56,F56)*0 -> 0 | J56: =+M56+P56 -> 7.801875 | K56: 0.175 | L56: =+G56-K56 -> 0.625 | M56: =+PRODUCT(D56,E56,L56) -> 3.421875 | N56: 0 | O56: =+G56-N56 -> 0.8 | P56: =+PRODUCT(D56:E56,O56) -> 4.38 | S56: =+SUM(Q56:R56)*(L56+O56)/2*2 -> 0 | Z56: =IFERROR(VLOOKUP(T56,$C$47:$G$688,4,FALSE)*VLOOKUP(T56,$C$47:$G$688,5,FALSE),)+IFERROR(VLOOKUP(U56,$C$47:$G$688,4,FALSE)*VLOOKUP(U56,$C$47:$G$688,5,FALSE),)+IFERROR(VLOOKUP(V56,$C$47:$G$9916,4,FALSE)*VLOOKUP(V56,$C$47:$G$688,5,FALSE),)+IFERROR(VLOOKUP(W56,$C$47:$G$688,4,FALSE)*VLOOKUP(W56,$C$47:$G$688,5,FALSE),)+IFERROR(VLOOKUP(X56,$C$47:$G$688,4,FALSE)*VLOOKUP(X56,$C$47:$G$688,5,FALSE),)+IFERROR(VLOOKUP(Y56,$C$47:$G$688,4,FALSE)*VLOOKUP(Y56,$C$47:$G$688,5,FALSE),) -> 0 | AE56: =+IF(G56<0.75,(I56+J56),0) -> 0 | AF56: =+IF(G56<0.75,0,(I56+J56)) -> 7.801875 | AI56: =D56*(E56*(F56+$E$39*2)*$E$40) -> 0.27375
B57: 11 | C57: PB11 | D57: 1 | E57: 6.552 | F57: 0.3 | G57: 0.8 | H57: =+PRODUCT(D57:G57) -> 1.57248 | I57: =PRODUCT(D57,E57,F57)*0 -> 0 | J57: =+M57+P57 -> 8.6814 | K57: 0.15 | L57: =+G57-K57 -> 0.65 | M57: =+PRODUCT(D57,E57,L57) -> 4.2588 | N57: 0.125 | O57: =+G57-N57 -> 0.675 | P57: =+PRODUCT(D57:E57,O57) -> 4.4226 | S57: =+SUM(Q57:R57)*(L57+O57)/2*2 -> 0 | T57: BR48 | U57: BR49 | V57: BR50 | W57: PB27 | Z57: =IFERROR(VLOOKUP(T57,$C$47:$G$688,4,FALSE)*VLOOKUP(T57,$C$47:$G$688,5,FALSE),)+IFERROR(VLOOKUP(U57,$C$47:$G$688,4,FALSE)*VLOOKUP(U57,$C$47:$G$688,5,FALSE),)+IFERROR(VLOOKUP(V57,$C$47:$G$9916,4,FALSE)*VLOOKUP(V57,$C$47:$G$688,5,FALSE),)+IFERROR(VLOOKUP(W57,$C$47:$G$688,4,FALSE)*VLOOKUP(W57,$C$47:$G$688,5,FALSE),)+IFERROR(VLOOKUP(X57,$C$47:$G$688,4,FALSE)*VLOOKUP(X57,$C$47:$G$688,5,FALSE),)+IFERROR(VLOOKUP(Y57,$C$47:$G$688,4,FALSE)*VLOOKUP(Y57,$C$47:$G$688,5,FALSE),) -> 0.54 | AE57: =+IF(G57<0.75,(I57+J57),0) -> 0 | AF57: =+IF(G57<0.75,0,(I57+J57)) -> 8.6814 | AI57: =D57*(E57*(F57+$E$39*2)*$E$40) -> 0.3276
B58: 12 | C58: PB12 | D58: 1 | E58: 6.598 | F58: 0.3 | G58: 0.8 | H58: =+PRODUCT(D58:G58) -> 1.58352 | I58: =PRODUCT(D58,E58,F58)*0 -> 0 | J58: =+M58+P58 -> 8.08255 | K58: 0.175 | L58: =+G58-K58 -> 0.625 | M58: =+PRODUCT(D58,E58,L58) -> 4.12375 | N58: 0.2 | O58: =+G58-N58 -> 0.6 | P58: =+PRODUCT(D58:E58,O58) -> 3.9588 | S58: =+SUM(Q58:R58)*(L58+O58)/2*2 -> 0 | T58: BR52 | U58: BR53 | V58: BR54 | Z58: =IFERROR(VLOOKUP(T58,$C$47:$G$688,4,FALSE)*VLOOKUP(T58,$C$47:$G$688,5,FALSE),)+IFERROR(VLOOKUP(U58,$C$47:$G$688,4,FALSE)*VLOOKUP(U58,$C$47:$G$688,5,FALSE),)+IFERROR(VLOOKUP(V58,$C$47:$G$9916,4,FALSE)*VLOOKUP(V58,$C$47:$G$688,5,FALSE),)+IFERROR(VLOOKUP(W58,$C$47:$G$688,4,FALSE)*VLOOKUP(W58,$C$47:$G$688,5,FALSE),)+IFERROR(VLOOKUP(X58,$C$47:$G$688,4,FALSE)*VLOOKUP(X58,$C$47:$G$688,5,FALSE),)+IFERROR(VLOOKUP(Y58,$C$47:$G$688,4,FALSE)*VLOOKUP(Y58,$C$47:$G$688,5,FALSE),) -> 0.36 | AE58: =+IF(G58<0.75,(I58+J58),0) -> 0 | AF58: =+IF(G58<0.75,0,(I58+J58)) -> 8.08255 | AI58: =D58*(E58*(F58+$E$39*2)*$E$40) -> 0.3299
B59: 13 | C59: PB13 | D59: 1 | E59: 6.519 | F59: 0.3 | G59: 0.8 | H59: =+PRODUCT(D59:G59) -> 1.56456 | I59: =PRODUCT(D59,E59,F59)*0 -> 0 | J59: =+M59+P59 -> 8.4747 | K59: 0.175 | L59: =+G59-K59 -> 0.625 | M59: =+PRODUCT(D59,E59,L59) -> 4.074375 | N59: 0.125 | O59: =+G59-N59 -> 0.675 | P59: =+PRODUCT(D59:E59,O59) -> 4.400325 | S59: =+SUM(Q59:R59)*(L59+O59)/2*2 -> 0 | T59: PB32 | U59: BR56 | V59: PB32A | Z59: =IFERROR(VLOOKUP(T59,$C$47:$G$688,4,FALSE)*VLOOKUP(T59,$C$47:$G$688,5,FALSE),)+IFERROR(VLOOKUP(U59,$C$47:$G$688,4,FALSE)*VLOOKUP(U59,$C$47:$G$688,5,FALSE),)+IFERROR(VLOOKUP(V59,$C$47:$G$9916,4,FALSE)*VLOOKUP(V59,$C$47:$G$688,5,FALSE),)+IFERROR(VLOOKUP(W59,$C$47:$G$688,4,FALSE)*VLOOKUP(W59,$C$47:$G$688,5,FALSE),)+IFERROR(VLOOKUP(X59,$C$47:$G$688,4,FALSE)*VLOOKUP(X59,$C$47:$G$688,5,FALSE),)+IFERROR(VLOOKUP(Y59,$C$47:$G$688,4,FALSE)*VLOOKUP(Y59,$C$47:$G$688,5,FALSE),) -> 0.36 | AE59: =+IF(G59<0.75,(I59+J59),0) -> 0 | AF59: =+IF(G59<0.75,0,(I59+J59)) -> 8.4747 | AI59: =D59*(E59*(F59+$E$39*2)*$E$40) -> 0.32595
B60: 14 | C60: PB14 | D60: 1 | E60: 6.55 | F60: 0.2 | G60: 0.6 | H60: =+PRODUCT(D60:G60) -> 0.786 | I60: =PRODUCT(D60,E60,F60)*0 -> 0 | J60: =+M60+P60 -> 7.86 | K60: 0 | L60: =+G60-K60 -> 0.6 | M60: =+PRODUCT(D60,E60,L60) -> 3.93 | O60: =+G60-N60 -> 0.6 | P60: =+PRODUCT(D60:E60,O60) -> 3.93 | S60: =+SUM(Q60:R60)*(L60+O60)/2*2 -> 0 | Z60: =IFERROR(VLOOKUP(T60,$C$47:$G$688,4,FALSE)*VLOOKUP(T60,$C$47:$G$688,5,FALSE),)+IFERROR(VLOOKUP(U60,$C$47:$G$688,4,FALSE)*VLOOKUP(U60,$C$47:$G$688,5,FALSE),)+IFERROR(VLOOKUP(V60,$C$47:$G$9916,4,FALSE)*VLOOKUP(V60,$C$47:$G$688,5,FALSE),)+IFERROR(VLOOKUP(W60,$C$47:$G$688,4,FALSE)*VLOOKUP(W60,$C$47:$G$688,5,FALSE),)+IFERROR(VLOOKUP(X60,$C$47:$G$688,4,FALSE)*VLOOKUP(X60,$C$47:$G$688,5,FALSE),)+IFERROR(VLOOKUP(Y60,$C$47:$G$688,4,FALSE)*VLOOKUP(Y60,$C$47:$G$688,5,FALSE),) -> 0 | AE60: =+IF(G60<0.75,(I60+J60),0) -> 7.86 | AF60: =+IF(G60<0.75,0,(I60+J60)) -> 0 | AI60: =D60*(E60*(F60+$E$39*2)*$E$40) -> 0.262
B61: 15 | C61: PB15 | D61: 1 | E61: 6.648 | F61: 0.2 | G61: 0.6 | H61: =+PRODUCT(D61:G61) -> 0.79776 | I61: =PRODUCT(D61,E61,F61)*0 -> 0 | J61: =+M61+P61 -> 7.9776 | K61: 0 | L61: =+G61-K61 -> 0.6 | M61: =+PRODUCT(D61,E61,L61) -> 3.9888 | O61: =+G61-N61 -> 0.6 | P61: =+PRODUCT(D61:E61,O61) -> 3.9888 | S61: =+SUM(Q61:R61)*(L61+O61)/2*2 -> 0 | Z61: =IFERROR(VLOOKUP(T61,$C$47:$G$688,4,FALSE)*VLOOKUP(T61,$C$47:$G$688,5,FALSE),)+IFERROR(VLOOKUP(U61,$C$47:$G$688,4,FALSE)*VLOOKUP(U61,$C$47:$G$688,5,FALSE),)+IFERROR(VLOOKUP(V61,$C$47:$G$9916,4,FALSE)*VLOOKUP(V61,$C$47:$G$688,5,FALSE),)+IFERROR(VLOOKUP(W61,$C$47:$G$688,4,FALSE)*VLOOKUP(W61,$C$47:$G$688,5,FALSE),)+IFERROR(VLOOKUP(X61,$C$47:$G$688,4,FALSE)*VLOOKUP(X61,$C$47:$G$688,5,FALSE),)+IFERROR(VLOOKUP(Y61,$C$47:$G$688,4,FALSE)*VLOOKUP(Y61,$C$47:$G$688,5,FALSE),) -> 0 | AE61: =+IF(G61<0.75,(I61+J61),0) -> 7.9776 | AF61: =+IF(G61<0.75,0,(I61+J61)) -> 0 | AI61: =D61*(E61*(F61+$E$39*2)*$E$40) -> 0.26592
B62: 16 | C62: PB16 | D62: 1 | E62: 6.55 | F62: 0.2 | G62: 0.6 | H62: =+PRODUCT(D62:G62) -> 0.786 | I62: =PRODUCT(D62,E62,F62)*0 -> 0 | J62: =+M62+P62 -> 6.55 | K62: 0.2 | L62: =+G62-K62 -> 0.4 | M62: =+PRODUCT(D62,E62,L62) -> 2.62 | N62: 0 | O62: =+G62-N62 -> 0.6 | P62: =+PRODUCT(D62:E62,O62) -> 3.93 | S62: =+SUM(Q62:R62)*(L62+O62)/2*2 -> 0 | T62: BR49 | U62: BR50 | Z62: =IFERROR(VLOOKUP(T62,$C$47:$G$688,4,FALSE)*VLOOKUP(T62,$C$47:$G$688,5,FALSE),)+IFERROR(VLOOKUP(U62,$C$47:$G$688,4,FALSE)*VLOOKUP(U62,$C$47:$G$688,5,FALSE),)+IFERROR(VLOOKUP(V62,$C$47:$G$9916,4,FALSE)*VLOOKUP(V62,$C$47:$G$688,5,FALSE),)+IFERROR(VLOOKUP(W62,$C$47:$G$688,4,FALSE)*VLOOKUP(W62,$C$47:$G$688,5,FALSE),)+IFERROR(VLOOKUP(X62,$C$47:$G$688,4,FALSE)*VLOOKUP(X62,$C$47:$G$688,5,FALSE),)+IFERROR(VLOOKUP(Y62,$C$47:$G$688,4,FALSE)*VLOOKUP(Y62,$C$47:$G$688,5,FALSE),) -> 0.24 | AE62: =+IF(G62<0.75,(I62+J62),0) -> 6.55 | AF62: =+IF(G62<0.75,0,(I62+J62)) -> 0 | AI62: =D62*(E62*(F62+$E$39*2)*$E$40) -> 0.262
B63: 17 | C63: PB17 | D63: 1 | E63: 6.6 | F63: 0.2 | G63: 0.6 | H63: =+PRODUCT(D63:G63) -> 0.792 | I63: =PRODUCT(D63,E63,F63)*0 -> 0 | J63: =+M63+P63 -> 5.28 | K63: 0.2 | L63: =+G63-K63 -> 0.4 | M63: =+PRODUCT(D63,E63,L63) -> 2.64 | N63: 0.2 | O63: =+G63-N63 -> 0.4 | P63: =+PRODUCT(D63:E63,O63) -> 2.64 | S63: =+SUM(Q63:R63)*(L63+O63)/2*2 -> 0 | T63: BR53 | Z63: =IFERROR(VLOOKUP(T63,$C$47:$G$688,4,FALSE)*VLOOKUP(T63,$C$47:$G$688,5,FALSE),)+IFERROR(VLOOKUP(U63,$C$47:$G$688,4,FALSE)*VLOOKUP(U63,$C$47:$G$688,5,FALSE),)+IFERROR(VLOOKUP(V63,$C$47:$G$9916,4,FALSE)*VLOOKUP(V63,$C$47:$G$688,5,FALSE),)+IFERROR(VLOOKUP(W63,$C$47:$G$688,4,FALSE)*VLOOKUP(W63,$C$47:$G$688,5,FALSE),)+IFERROR(VLOOKUP(X63,$C$47:$G$688,4,FALSE)*VLOOKUP(X63,$C$47:$G$688,5,FALSE),)+IFERROR(VLOOKUP(Y63,$C$47:$G$688,4,FALSE)*VLOOKUP(Y63,$C$47:$G$688,5,FALSE),) -> 0.12 | AE63: =+IF(G63<0.75,(I63+J63),0) -> 5.28 | AF63: =+IF(G63<0.75,0,(I63+J63)) -> 0 | AI63: =D63*(E63*(F63+$E$39*2)*$E$40) -> 0.264
B64: 18 | C64: PB18 | D64: 1 | E64: 6.551 | F64: 0.2 | G64: 0.6 | H64: =+PRODUCT(D64:G64) -> 0.78612 | I64: =PRODUCT(D64,E64,F64)*0 -> 0 | J64: =+M64+P64 -> 5.732125 | K64: 0.125 | L64: =+G64-K64 -> 0.475 | M64: =+PRODUCT(D64,E64,L64) -> 3.111725 | N64: 0.2 | O64: =+G64-N64 -> 0.4 | P64: =+PRODUCT(D64:E64,O64) -> 2.6204 | S64: =+SUM(Q64:R64)*(L64+O64)/2*2 -> 0 | T64: PB32 | U64: BR56 | Z64: =IFERROR(VLOOKUP(T64,$C$47:$G$688,4,FALSE)*VLOOKUP(T64,$C$47:$G$688,5,FALSE),)+IFERROR(VLOOKUP(U64,$C$47:$G$688,4,FALSE)*VLOOKUP(U64,$C$47:$G$688,5,FALSE),)+IFERROR(VLOOKUP(V64,$C$47:$G$9916,4,FALSE)*VLOOKUP(V64,$C$47:$G$688,5,FALSE),)+IFERROR(VLOOKUP(W64,$C$47:$G$688,4,FALSE)*VLOOKUP(W64,$C$47:$G$688,5,FALSE),)+IFERROR(VLOOKUP(X64,$C$47:$G$688,4,FALSE)*VLOOKUP(X64,$C$47:$G$688,5,FALSE),)+IFERROR(VLOOKUP(Y64,$C$47:$G$688,4,FALSE)*VLOOKUP(Y64,$C$47:$G$688,5,FALSE),) -> 0.24 | AE64: =+IF(G64<0.75,(I64+J64),0) -> 5.732125 | AF64: =+IF(G64<0.75,0,(I64+J64)) -> 0 | AI64: =D64*(E64*(F64+$E$39*2)*$E$40) -> 0.26204
B65: 19 | C65: PB19 | D65: 1 | E65: 5 | F65: 0.3 | G65: 0.8 | H65: =+PRODUCT(D65:G65) -> 1.2 | I65: =PRODUCT(D65,E65,F65)*0 -> 0 | J65: =+M65+P65 -> 7.125 | K65: 0 | L65: =+G65-K65 -> 0.8 | M65: =+PRODUCT(D65,E65,L65) -> 4 | N65: 0.175 | O65: =+G65-N65 -> 0.625 | P65: =+PRODUCT(D65:E65,O65) -> 3.125 | S65: =+SUM(Q65:R65)*(L65+O65)/2*2 -> 0 | Z65: =IFERROR(VLOOKUP(T65,$C$47:$G$688,4,FALSE)*VLOOKUP(T65,$C$47:$G$688,5,FALSE),)+IFERROR(VLOOKUP(U65,$C$47:$G$688,4,FALSE)*VLOOKUP(U65,$C$47:$G$688,5,FALSE),)+IFERROR(VLOOKUP(V65,$C$47:$G$9916,4,FALSE)*VLOOKUP(V65,$C$47:$G$688,5,FALSE),)+IFERROR(VLOOKUP(W65,$C$47:$G$688,4,FALSE)*VLOOKUP(W65,$C$47:$G$688,5,FALSE),)+IFERROR(VLOOKUP(X65,$C$47:$G$688,4,FALSE)*VLOOKUP(X65,$C$47:$G$688,5,FALSE),)+IFERROR(VLOOKUP(Y65,$C$47:$G$688,4,FALSE)*VLOOKUP(Y65,$C$47:$G$688,5,FALSE),) -> 0 | AE65: =+IF(G65<0.75,(I65+J65),0) -> 0 | AF65: =+IF(G65<0.75,0,(I65+J65)) -> 7.125 | AI65: =D65*(E65*(F65+$E$39*2)*$E$40) -> 0.25
B66: 20 | C66: PB19A | D66: 1 | E66: 0.41 | F66: 0.3 | G66: 0.8 | H66: =+PRODUCT(D66:G66) -> 0.0984 | I66: =PRODUCT(D66,E66,F66)*0 -> 0 | J66: =+M66+P66 -> 0.656 | K66: 0 | L66: =+G66-K66 -> 0.8 | M66: =+PRODUCT(D66,E66,L66) -> 0.328 | N66: 0 | O66: =+G66-N66 -> 0.8 | P66: =+PRODUCT(D66:E66,O66) -> 0.328 | S66: =+SUM(Q66:R66)*(L66+O66)/2*2 -> 0 | T66: PB14 | Z66: =IFERROR(VLOOKUP(T66,$C$47:$G$688,4,FALSE)*VLOOKUP(T66,$C$47:$G$688,5,FALSE),)+IFERROR(VLOOKUP(U66,$C$47:$G$688,4,FALSE)*VLOOKUP(U66,$C$47:$G$688,5,FALSE),)+IFERROR(VLOOKUP(V66,$C$47:$G$9916,4,FALSE)*VLOOKUP(V66,$C$47:$G$688,5,FALSE),)+IFERROR(VLOOKUP(W66,$C$47:$G$688,4,FALSE)*VLOOKUP(W66,$C$47:$G$688,5,FALSE),)+IFERROR(VLOOKUP(X66,$C$47:$G$688,4,FALSE)*VLOOKUP(X66,$C$47:$G$688,5,FALSE),)+IFERROR(VLOOKUP(Y66,$C$47:$G$688,4,FALSE)*VLOOKUP(Y66,$C$47:$G$688,5,FALSE),) -> 0.12 | AE66: =+IF(G66<0.75,(I66+J66),0) -> 0 | AF66: =+IF(G66<0.75,0,(I66+J66)) -> 0.656 | AI66: =D66*(E66*(F66+$E$39*2)*$E$40) -> 0.0205
B67: 21 | C67: PB20 | D67: 1 | E67: 8.201 | F67: 0.3 | G67: 0.8 | H67: =+PRODUCT(D67:G67) -> 1.96824 | I67: =PRODUCT(D67,E67,F67)*0 -> 0 | J67: =+M67+P67 -> 11.4814 | K67: 0 | L67: =+G67-K67 -> 0.8 | M67: =+PRODUCT(D67,E67,L67) -> 6.5608 | N67: 0.2 | O67: =+G67-N67 -> 0.6 | P67: =+PRODUCT(D67:E67,O67) -> 4.9206 | S67: =+SUM(Q67:R67)*(L67+O67)/2*2 -> 0 | Z67: =IFERROR(VLOOKUP(T67,$C$47:$G$688,4,FALSE)*VLOOKUP(T67,$C$47:$G$688,5,FALSE),)+IFERROR(VLOOKUP(U67,$C$47:$G$688,4,FALSE)*VLOOKUP(U67,$C$47:$G$688,5,FALSE),)+IFERROR(VLOOKUP(V67,$C$47:$G$9916,4,FALSE)*VLOOKUP(V67,$C$47:$G$688,5,FALSE),)+IFERROR(VLOOKUP(W67,$C$47:$G$688,4,FALSE)*VLOOKUP(W67,$C$47:$G$688,5,FALSE),)+IFERROR(VLOOKUP(X67,$C$47:$G$688,4,FALSE)*VLOOKUP(X67,$C$47:$G$688,5,FALSE),)+IFERROR(VLOOKUP(Y67,$C$47:$G$688,4,FALSE)*VLOOKUP(Y67,$C$47:$G$688,5,FALSE),) -> 0 | AE67: =+IF(G67<0.75,(I67+J67),0) -> 0 | AF67: =+IF(G67<0.75,0,(I67+J67)) -> 11.4814 | AI67: =D67*(E67*(F67+$E$39*2)*$E$40) -> 0.41005
B68: 22 | C68: PB21 | D68: 1 | E68: 5.001 | F68: 0.3 | G68: 0.6 | H68: =+PRODUCT(D68:G68) -> 0.90018 | I68: =PRODUCT(D68,E68,F68)*0 -> 0 | J68: =+M68+P68 -> 4.25085 | K68: 0.175 | L68: =+G68-K68 -> 0.425 | M68: =+PRODUCT(D68,E68,L68) -> 2.125425 | N68: 0.175 | O68: =+G68-N68 -> 0.425 | P68: =+PRODUCT(D68:E68,O68) -> 2.125425 | S68: =+SUM(Q68:R68)*(L68+O68)/2*2 -> 0 | Z68: =IFERROR(VLOOKUP(T68,$C$47:$G$688,4,FALSE)*VLOOKUP(T68,$C$47:$G$688,5,FALSE),)+IFERROR(VLOOKUP(U68,$C$47:$G$688,4,FALSE)*VLOOKUP(U68,$C$47:$G$688,5,FALSE),)+IFERROR(VLOOKUP(V68,$C$47:$G$9916,4,FALSE)*VLOOKUP(V68,$C$47:$G$688,5,FALSE),)+IFERROR(VLOOKUP(W68,$C$47:$G$688,4,FALSE)*VLOOKUP(W68,$C$47:$G$688,5,FALSE),)+IFERROR(VLOOKUP(X68,$C$47:$G$688,4,FALSE)*VLOOKUP(X68,$C$47:$G$688,5,FALSE),)+IFERROR(VLOOKUP(Y68,$C$47:$G$688,4,FALSE)*VLOOKUP(Y68,$C$47:$G$688,5,FALSE),) -> 0 | AE68: =+IF(G68<0.75,(I68+J68),0) -> 4.25085 | AF68: =+IF(G68<0.75,0,(I68+J68)) -> 0 | AI68: =D68*(E68*(F68+$E$39*2)*$E$40) -> 0.25005
B69: 23 | C69: PB21A | D69: 1 | E69: 0.41 | F69: 0.3 | G69: 0.6 | H69: =+PRODUCT(D69:G69) -> 0.0738 | I69: =PRODUCT(D69,E69,F69)*0 -> 0 | J69: =+M69+P69 -> 0.492 | K69: 0 | L69: =+G69-K69 -> 0.6 | M69: =+PRODUCT(D69,E69,L69) -> 0.246 | N69: 0 | O69: =+G69-N69 -> 0.6 | P69: =+PRODUCT(D69:E69,O69) -> 0.246 | S69: =+SUM(Q69:R69)*(L69+O69)/2*2 -> 0 | T69: PB14 | U69: PB15 | Z69: =IFERROR(VLOOKUP(T69,$C$47:$G$688,4,FALSE)*VLOOKUP(T69,$C$47:$G$688,5,FALSE),)+IFERROR(VLOOKUP(U69,$C$47:$G$688,4,FALSE)*VLOOKUP(U69,$C$47:$G$688,5,FALSE),)+IFERROR(VLOOKUP(V69,$C$47:$G$9916,4,FALSE)*VLOOKUP(V69,$C$47:$G$688,5,FALSE),)+IFERROR(VLOOKUP(W69,$C$47:$G$688,4,FALSE)*VLOOKUP(W69,$C$47:$G$688,5,FALSE),)+IFERROR(VLOOKUP(X69,$C$47:$G$688,4,FALSE)*VLOOKUP(X69,$C$47:$G$688,5,FALSE),)+IFERROR(VLOOKUP(Y69,$C$47:$G$688,4,FALSE)*VLOOKUP(Y69,$C$47:$G$688,5,FALSE),) -> 0.24 | AE69: =+IF(G69<0.75,(I69+J69),0) -> 0.492 | AF69: =+IF(G69<0.75,0,(I69+J69)) -> 0 | AI69: =D69*(E69*(F69+$E$39*2)*$E$40) -> 0.0205
B70: 24 | C70: PB22 | D70: 1 | E70: 8.2 | F70: 0.3 | G70: 0.6 | H70: =+PRODUCT(D70:G70) -> 1.476 | I70: =PRODUCT(D70,E70,F70)*0 -> 0 | J70: =+M70+P70 -> 6.56 | K70: 0.2 | L70: =+G70-K70 -> 0.4 | M70: =+PRODUCT(D70,E70,L70) -> 3.28 | N70: 0.2 | O70: =+G70-N70 -> 0.4 | P70: =+PRODUCT(D70:E70,O70) -> 3.28 | S70: =+SUM(Q70:R70)*(L70+O70)/2*2 -> 0 | T70: BR5 | U70: BR6 | Z70: =IFERROR(VLOOKUP(T70,$C$47:$G$688,4,FALSE)*VLOOKUP(T70,$C$47:$G$688,5,FALSE),)+IFERROR(VLOOKUP(U70,$C$47:$G$688,4,FALSE)*VLOOKUP(U70,$C$47:$G$688,5,FALSE),)+IFERROR(VLOOKUP(V70,$C$47:$G$9916,4,FALSE)*VLOOKUP(V70,$C$47:$G$688,5,FALSE),)+IFERROR(VLOOKUP(W70,$C$47:$G$688,4,FALSE)*VLOOKUP(W70,$C$47:$G$688,5,FALSE),)+IFERROR(VLOOKUP(X70,$C$47:$G$688,4,FALSE)*VLOOKUP(X70,$C$47:$G$688,5,FALSE),)+IFERROR(VLOOKUP(Y70,$C$47:$G$688,4,FALSE)*VLOOKUP(Y70,$C$47:$G$688,5,FALSE),) -> 0.24 | AE70: =+IF(G70<0.75,(I70+J70),0) -> 6.56 | AF70: =+IF(G70<0.75,0,(I70+J70)) -> 0 | AI70: =D70*(E70*(F70+$E$39*2)*$E$40) -> 0.41
B71: 25 | C71: PB23 | D71: 1 | E71: 8.1 | F71: 0.3 | G71: 0.6 | H71: =+PRODUCT(D71:G71) -> 1.458 | I71: =PRODUCT(D71,E71,F71)*0 -> 0 | J71: =+M71+P71 -> 6.48 | K71: 0.2 | L71: =+G71-K71 -> 0.4 | M71: =+PRODUCT(D71,E71,L71) -> 3.24 | N71: 0.2 | O71: =+G71-N71 -> 0.4 | P71: =+PRODUCT(D71:E71,O71) -> 3.24 | S71: =+SUM(Q71:R71)*(L71+O71)/2*2 -> 0 | T71: BR9 | U71: BR10 | Z71: =IFERROR(VLOOKUP(T71,$C$47:$G$688,4,FALSE)*VLOOKUP(T71,$C$47:$G$688,5,FALSE),)+IFERROR(VLOOKUP(U71,$C$47:$G$688,4,FALSE)*VLOOKUP(U71,$C$47:$G$688,5,FALSE),)+IFERROR(VLOOKUP(V71,$C$47:$G$9916,4,FALSE)*VLOOKUP(V71,$C$47:$G$688,5,FALSE),)+IFERROR(VLOOKUP(W71,$C$47:$G$688,4,FALSE)*VLOOKUP(W71,$C$47:$G$688,5,FALSE),)+IFERROR(VLOOKUP(X71,$C$47:$G$688,4,FALSE)*VLOOKUP(X71,$C$47:$G$688,5,FALSE),)+IFERROR(VLOOKUP(Y71,$C$47:$G$688,4,FALSE)*VLOOKUP(Y71,$C$47:$G$688,5,FALSE),) -> 0.24 | AE71: =+IF(G71<0.75,(I71+J71),0) -> 6.48 | AF71: =+IF(G71<0.75,0,(I71+J71)) -> 0 | AI71: =D71*(E71*(F71+$E$39*2)*$E$40) -> 0.405
B72: 26 | C72: PB24 | D72: 1 | E72: 8.2 | F72: 0.3 | G72: 0.6 | H72: =+PRODUCT(D72:G72) -> 1.476 | I72: =PRODUCT(D72,E72,F72)*0 -> 0 | J72: =+M72+P72 -> 6.56 | K72: 0.2 | L72: =+G72-K72 -> 0.4 | M72: =+PRODUCT(D72,E72,L72) -> 3.28 | N72: 0.2 | O72: =+G72-N72 -> 0.4 | P72: =+PRODUCT(D72:E72,O72) -> 3.28 | S72: =+SUM(Q72:R72)*(L72+O72)/2*2 -> 0 | Z72: =IFERROR(VLOOKUP(T72,$C$47:$G$688,4,FALSE)*VLOOKUP(T72,$C$47:$G$688,5,FALSE),)+IFERROR(VLOOKUP(U72,$C$47:$G$688,4,FALSE)*VLOOKUP(U72,$C$47:$G$688,5,FALSE),)+IFERROR(VLOOKUP(V72,$C$47:$G$9916,4,FALSE)*VLOOKUP(V72,$C$47:$G$688,5,FALSE),)+IFERROR(VLOOKUP(W72,$C$47:$G$688,4,FALSE)*VLOOKUP(W72,$C$47:$G$688,5,FALSE),)+IFERROR(VLOOKUP(X72,$C$47:$G$688,4,FALSE)*VLOOKUP(X72,$C$47:$G$688,5,FALSE),)+IFERROR(VLOOKUP(Y72,$C$47:$G$688,4,FALSE)*VLOOKUP(Y72,$C$47:$G$688,5,FALSE),) -> 0 | AE72: =+IF(G72<0.75,(I72+J72),0) -> 6.56 | AF72: =+IF(G72<0.75,0,(I72+J72)) -> 0 | AI72: =D72*(E72*(F72+$E$39*2)*$E$40) -> 0.41
B73: 27 | C73: PB24A | D73: 1 | E73: 1.703 | F73: 0.3 | G73: 0.6 | H73: =+PRODUCT(D73:G73) -> 0.30654 | I73: =PRODUCT(D73,E73,F73)*0 -> 0 | J73: =+M73+P73 -> 1.490125 | K73: 0.15 | L73: =+G73-K73 -> 0.45 | M73: =+PRODUCT(D73,E73,L73) -> 0.76635 | N73: 0.175 | O73: =+G73-N73 -> 0.425 | P73: =+PRODUCT(D73:E73,O73) -> 0.723775 | S73: =+SUM(Q73:R73)*(L73+O73)/2*2 -> 0 | Z73: =IFERROR(VLOOKUP(T73,$C$47:$G$688,4,FALSE)*VLOOKUP(T73,$C$47:$G$688,5,FALSE),)+IFERROR(VLOOKUP(U73,$C$47:$G$688,4,FALSE)*VLOOKUP(U73,$C$47:$G$688,5,FALSE),)+IFERROR(VLOOKUP(V73,$C$47:$G$9916,4,FALSE)*VLOOKUP(V73,$C$47:$G$688,5,FALSE),)+IFERROR(VLOOKUP(W73,$C$47:$G$688,4,FALSE)*VLOOKUP(W73,$C$47:$G$688,5,FALSE),)+IFERROR(VLOOKUP(X73,$C$47:$G$688,4,FALSE)*VLOOKUP(X73,$C$47:$G$688,5,FALSE),)+IFERROR(VLOOKUP(Y73,$C$47:$G$688,4,FALSE)*VLOOKUP(Y73,$C$47:$G$688,5,FALSE),) -> 0 | AE73: =+IF(G73<0.75,(I73+J73),0) -> 1.490125 | AF73: =+IF(G73<0.75,0,(I73+J73)) -> 0 | AI73: =D73*(E73*(F73+$E$39*2)*$E$40) -> 0.08515
B74: 28 | C74: PB25 | D74: 1 | E74: 5 | F74: 0.3 | G74: 0.6 | H74: =+PRODUCT(D74:G74) -> 0.9 | I74: =PRODUCT(D74,E74,F74)*0 -> 0 | J74: =+M74+P74 -> 4.375 | K74: 0.175 | L74: =+G74-K74 -> 0.425 | M74: =+PRODUCT(D74,E74,L74) -> 2.125 | N74: 0.15 | O74: =+G74-N74 -> 0.45 | P74: =+PRODUCT(D74:E74,O74) -> 2.25 | S74: =+SUM(Q74:R74)*(L74+O74)/2*2 -> 0 | T74: PB38 | Z74: =IFERROR(VLOOKUP(T74,$C$47:$G$688,4,FALSE)*VLOOKUP(T74,$C$47:$G$688,5,FALSE),)+IFERROR(VLOOKUP(U74,$C$47:$G$688,4,FALSE)*VLOOKUP(U74,$C$47:$G$688,5,FALSE),)+IFERROR(VLOOKUP(V74,$C$47:$G$9916,4,FALSE)*VLOOKUP(V74,$C$47:$G$688,5,FALSE),)+IFERROR(VLOOKUP(W74,$C$47:$G$688,4,FALSE)*VLOOKUP(W74,$C$47:$G$688,5,FALSE),)+IFERROR(VLOOKUP(X74,$C$47:$G$688,4,FALSE)*VLOOKUP(X74,$C$47:$G$688,5,FALSE),)+IFERROR(VLOOKUP(Y74,$C$47:$G$688,4,FALSE)*VLOOKUP(Y74,$C$47:$G$688,5,FALSE),) -> 0.12 | AE74: =+IF(G74<0.75,(I74+J74),0) -> 4.375 | AF74: =+IF(G74<0.75,0,(I74+J74)) -> 0 | AI74: =D74*(E74*(F74+$E$39*2)*$E$40) -> 0.25
B75: 29 | C75: PB25A | D75: 1 | E75: 0.41 | F75: 0.3 | G75: 0.6 | H75: =+PRODUCT(D75:G75) -> 0.0738 | I75: =PRODUCT(D75,E75,F75)*0 -> 0 | J75: =+M75+P75 -> 0.41 | K75: 0 | L75: =+G75-K75 -> 0.6 | M75: =+PRODUCT(D75,E75,L75) -> 0.246 | N75: 0.2 | O75: =+G75-N75 -> 0.4 | P75: =+PRODUCT(D75:E75,O75) -> 0.164 | S75: =+SUM(Q75:R75)*(L75+O75)/2*2 -> 0 | T75: PB16 | Z75: =IFERROR(VLOOKUP(T75,$C$47:$G$688,4,FALSE)*VLOOKUP(T75,$C$47:$G$688,5,FALSE),)+IFERROR(VLOOKUP(U75,$C$47:$G$688,4,FALSE)*VLOOKUP(U75,$C$47:$G$688,5,FALSE),)+IFERROR(VLOOKUP(V75,$C$47:$G$9916,4,FALSE)*VLOOKUP(V75,$C$47:$G$688,5,FALSE),)+IFERROR(VLOOKUP(W75,$C$47:$G$688,4,FALSE)*VLOOKUP(W75,$C$47:$G$688,5,FALSE),)+IFERROR(VLOOKUP(X75,$C$47:$G$688,4,FALSE)*VLOOKUP(X75,$C$47:$G$688,5,FALSE),)+IFERROR(VLOOKUP(Y75,$C$47:$G$688,4,FALSE)*VLOOKUP(Y75,$C$47:$G$688,5,FALSE),) -> 0.12 | AE75: =+IF(G75<0.75,(I75+J75),0) -> 0.41 | AF75: =+IF(G75<0.75,0,(I75+J75)) -> 0 | AI75: =D75*(E75*(F75+$E$39*2)*$E$40) -> 0.0205
B76: 30 | C76: PB26 | D76: 1 | E76: 8.205 | F76: 0.3 | G76: 0.6 | H76: =+PRODUCT(D76:G76) -> 1.4769 | I76: =PRODUCT(D76,E76,F76)*0 -> 0 | J76: =+M76+P76 -> 6.564 | K76: 0.2 | L76: =+G76-K76 -> 0.4 | M76: =+PRODUCT(D76,E76,L76) -> 3.282 | N76: 0.2 | O76: =+G76-N76 -> 0.4 | P76: =+PRODUCT(D76:E76,O76) -> 3.282 | S76: =+SUM(Q76:R76)*(L76+O76)/2*2 -> 0 | T76: BR13 | U76: BR14 | Z76: =IFERROR(VLOOKUP(T76,$C$47:$G$688,4,FALSE)*VLOOKUP(T76,$C$47:$G$688,5,FALSE),)+IFERROR(VLOOKUP(U76,$C$47:$G$688,4,FALSE)*VLOOKUP(U76,$C$47:$G$688,5,FALSE),)+IFERROR(VLOOKUP(V76,$C$47:$G$9916,4,FALSE)*VLOOKUP(V76,$C$47:$G$688,5,FALSE),)+IFERROR(VLOOKUP(W76,$C$47:$G$688,4,FALSE)*VLOOKUP(W76,$C$47:$G$688,5,FALSE),)+IFERROR(VLOOKUP(X76,$C$47:$G$688,4,FALSE)*VLOOKUP(X76,$C$47:$G$688,5,FALSE),)+IFERROR(VLOOKUP(Y76,$C$47:$G$688,4,FALSE)*VLOOKUP(Y76,$C$47:$G$688,5,FALSE),) -> 0.24 | AE76: =+IF(G76<0.75,(I76+J76),0) -> 6.564 | AF76: =+IF(G76<0.75,0,(I76+J76)) -> 0 | AI76: =D76*(E76*(F76+$E$39*2)*$E$40) -> 0.41025
B77: 31 | C77: PB27 | D77: 1 | E77: 6.1 | F77: 0.3 | G77: 0.6 | H77: =+PRODUCT(D77:G77) -> 1.098 | I77: =PRODUCT(D77,E77,F77)*0 -> 0 | J77: 0.15 | K77: 0.15 | L77: =+G77-K77 -> 0.45 | M77: =+PRODUCT(D77,E77,L77) -> 2.745 | N77: 0.2 | O77: =+G77-N77 -> 0.4 | P77: =+PRODUCT(D77:E77,O77) -> 2.44 | S77: =+SUM(Q77:R77)*(L77+O77)/2*2 -> 0 | T77: PB38 | Z77: =IFERROR(VLOOKUP(T77,$C$47:$G$688,4,FALSE)*VLOOKUP(T77,$C$47:$G$688,5,FALSE),)+IFERROR(VLOOKUP(U77,$C$47:$G$688,4,FALSE)*VLOOKUP(U77,$C$47:$G$688,5,FALSE),)+IFERROR(VLOOKUP(V77,$C$47:$G$9916,4,FALSE)*VLOOKUP(V77,$C$47:$G$688,5,FALSE),)+IFERROR(VLOOKUP(W77,$C$47:$G$688,4,FALSE)*VLOOKUP(W77,$C$47:$G$688,5,FALSE),)+IFERROR(VLOOKUP(X77,$C$47:$G$688,4,FALSE)*VLOOKUP(X77,$C$47:$G$688,5,FALSE),)+IFERROR(VLOOKUP(Y77,$C$47:$G$688,4,FALSE)*VLOOKUP(Y77,$C$47:$G$688,5,FALSE),) -> 0.12 | AE77: =+IF(G77<0.75,(I77+J77),0) -> 0.15 | AF77: =+IF(G77<0.75,0,(I77+J77)) -> 0 | AI77: =D77*(E77*(F77+$E$39*2)*$E$40) -> 0.305
B78: 32 | C78: PB28 | D78: 1 | E78: 5 | F78: 0.3 | G78: 0.6 | H78: =+PRODUCT(D78:G78) -> 0.9 | I78: =PRODUCT(D78,E78,F78)*0 -> 0 | J78: =+M78+P78 -> 4.125 | K78: 0.2 | L78: =+G78-K78 -> 0.4 | M78: =+PRODUCT(D78,E78,L78) -> 2 | N78: 0.175 | O78: =+G78-N78 -> 0.425 | P78: =+PRODUCT(D78:E78,O78) -> 2.125 | S78: =+SUM(Q78:R78)*(L78+O78)/2*2 -> 0 | Z78: =IFERROR(VLOOKUP(T78,$C$47:$G$688,4,FALSE)*VLOOKUP(T78,$C$47:$G$688,5,FALSE),)+IFERROR(VLOOKUP(U78,$C$47:$G$688,4,FALSE)*VLOOKUP(U78,$C$47:$G$688,5,FALSE),)+IFERROR(VLOOKUP(V78,$C$47:$G$9916,4,FALSE)*VLOOKUP(V78,$C$47:$G$688,5,FALSE),)+IFERROR(VLOOKUP(W78,$C$47:$G$688,4,FALSE)*VLOOKUP(W78,$C$47:$G$688,5,FALSE),)+IFERROR(VLOOKUP(X78,$C$47:$G$688,4,FALSE)*VLOOKUP(X78,$C$47:$G$688,5,FALSE),)+IFERROR(VLOOKUP(Y78,$C$47:$G$688,4,FALSE)*VLOOKUP(Y78,$C$47:$G$688,5,FALSE),) -> 0 | AE78: =+IF(G78<0.75,(I78+J78),0) -> 4.125 | AF78: =+IF(G78<0.75,0,(I78+J78)) -> 0 | AI78: =D78*(E78*(F78+$E$39*2)*$E$40) -> 0.25
B79: 33 | C79: PB28A | D79: 1 | E79: 2.005 | F79: 0.3 | G79: 0.6 | H79: =+PRODUCT(D79:G79) -> 0.3609 | I79: =PRODUCT(D79,E79,F79)*0 -> 0 | J79: =+M79+P79 -> 2.005 | K79: 0 | L79: =+G79-K79 -> 0.6 | M79: =+PRODUCT(D79,E79,L79) -> 1.203 | N79: 0.2 | O79: =+G79-N79 -> 0.4 | P79: =+PRODUCT(D79:E79,O79) -> 0.802 | S79: =+SUM(Q79:R79)*(L79+O79)/2*2 -> 0 | T79: PB16 | U79: PB17 | Z79: =IFERROR(VLOOKUP(T79,$C$47:$G$688,4,FALSE)*VLOOKUP(T79,$C$47:$G$688,5,FALSE),)+IFERROR(VLOOKUP(U79,$C$47:$G$688,4,FALSE)*VLOOKUP(U79,$C$47:$G$688,5,FALSE),)+IFERROR(VLOOKUP(V79,$C$47:$G$9916,4,FALSE)*VLOOKUP(V79,$C$47:$G$688,5,FALSE),)+IFERROR(VLOOKUP(W79,$C$47:$G$688,4,FALSE)*VLOOKUP(W79,$C$47:$G$688,5,FALSE),)+IFERROR(VLOOKUP(X79,$C$47:$G$688,4,FALSE)*VLOOKUP(X79,$C$47:$G$688,5,FALSE),)+IFERROR(VLOOKUP(Y79,$C$47:$G$688,4,FALSE)*VLOOKUP(Y79,$C$47:$G$688,5,FALSE),) -> 0.24 | AE79: =+IF(G79<0.75,(I79+J79),0) -> 2.005 | AF79: =+IF(G79<0.75,0,(I79+J79)) -> 0 | AI79: =D79*(E79*(F79+$E$39*2)*$E$40) -> 0.10025
B80: 34 | C80: PB29 | D80: 1 | E80: 8.2 | F80: 0.3 | G80: 0.6 | H80: =+PRODUCT(D80:G80) -> 1.476 | I80: =PRODUCT(D80,E80,F80)*0 -> 0 | J80: =+M80+P80 -> 6.56 | K80: 0.2 | L80: =+G80-K80 -> 0.4 | M80: =+PRODUCT(D80,E80,L80) -> 3.28 | N80: 0.2 | O80: =+G80-N80 -> 0.4 | P80: =+PRODUCT(D80:E80,O80) -> 3.28 | S80: =+SUM(Q80:R80)*(L80+O80)/2*2 -> 0 | Z80: =IFERROR(VLOOKUP(T80,$C$47:$G$688,4,FALSE)*VLOOKUP(T80,$C$47:$G$688,5,FALSE),)+IFERROR(VLOOKUP(U80,$C$47:$G$688,4,FALSE)*VLOOKUP(U80,$C$47:$G$688,5,FALSE),)+IFERROR(VLOOKUP(V80,$C$47:$G$9916,4,FALSE)*VLOOKUP(V80,$C$47:$G$688,5,FALSE),)+IFERROR(VLOOKUP(W80,$C$47:$G$688,4,FALSE)*VLOOKUP(W80,$C$47:$G$688,5,FALSE),)+IFERROR(VLOOKUP(X80,$C$47:$G$688,4,FALSE)*VLOOKUP(X80,$C$47:$G$688,5,FALSE),)+IFERROR(VLOOKUP(Y80,$C$47:$G$688,4,FALSE)*VLOOKUP(Y80,$C$47:$G$688,5,FALSE),) -> 0 | AE80: =+IF(G80<0.75,(I80+J80),0) -> 6.56 | AF80: =+IF(G80<0.75,0,(I80+J80)) -> 0 | AI80: =D80*(E80*(F80+$E$39*2)*$E$40) -> 0.41
B81: 35 | C81: PB30 | D81: 1 | E81: 2.006 | F81: 0.3 | G81: 0.6 | H81: =+PRODUCT(D81:G81) -> 0.36108 | I81: =PRODUCT(D81,E81,F81)*0 -> 0 | J81: =+M81+P81 -> 1.6048 | K81: 0.2 | L81: =+G81-K81 -> 0.4 | M81: =+PRODUCT(D81,E81,L81) -> 0.8024 | N81: 0.2 | O81: =+G81-N81 -> 0.4 | P81: =+PRODUCT(D81:E81,O81) -> 0.8024 | S81: =+SUM(Q81:R81)*(L81+O81)/2*2 -> 0 | T81: PB17 | U81: PB18 | Z81: =IFERROR(VLOOKUP(T81,$C$47:$G$688,4,FALSE)*VLOOKUP(T81,$C$47:$G$688,5,FALSE),)+IFERROR(VLOOKUP(U81,$C$47:$G$688,4,FALSE)*VLOOKUP(U81,$C$47:$G$688,5,FALSE),)+IFERROR(VLOOKUP(V81,$C$47:$G$9916,4,FALSE)*VLOOKUP(V81,$C$47:$G$688,5,FALSE),)+IFERROR(VLOOKUP(W81,$C$47:$G$688,4,FALSE)*VLOOKUP(W81,$C$47:$G$688,5,FALSE),)+IFERROR(VLOOKUP(X81,$C$47:$G$688,4,FALSE)*VLOOKUP(X81,$C$47:$G$688,5,FALSE),)+IFERROR(VLOOKUP(Y81,$C$47:$G$688,4,FALSE)*VLOOKUP(Y81,$C$47:$G$688,5,FALSE),) -> 0.24 | AE81: =+IF(G81<0.75,(I81+J81),0) -> 1.6048 | AF81: =+IF(G81<0.75,0,(I81+J81)) -> 0 | AI81: =D81*(E81*(F81+$E$39*2)*$E$40) -> 0.1003
B82: 36 | C82: PB30A | D82: 1 | E82: 5.017 | F82: 0.3 | G82: 0.6 | H82: =+PRODUCT(D82:G82) -> 0.90306 | I82: =PRODUCT(D82,E82,F82)*0 -> 0 | J82: =+M82+P82 -> 4.139025 | K82: 0.175 | L82: =+G82-K82 -> 0.425 | M82: =+PRODUCT(D82,E82,L82) -> 2.132225 | N82: 0.2 | O82: =+G82-N82 -> 0.4 | P82: =+PRODUCT(D82:E82,O82) -> 2.0068 | S82: =+SUM(Q82:R82)*(L82+O82)/2*2 -> 0 | Z82: =IFERROR(VLOOKUP(T82,$C$47:$G$688,4,FALSE)*VLOOKUP(T82,$C$47:$G$688,5,FALSE),)+IFERROR(VLOOKUP(U82,$C$47:$G$688,4,FALSE)*VLOOKUP(U82,$C$47:$G$688,5,FALSE),)+IFERROR(VLOOKUP(V82,$C$47:$G$9916,4,FALSE)*VLOOKUP(V82,$C$47:$G$688,5,FALSE),)+IFERROR(VLOOKUP(W82,$C$47:$G$688,4,FALSE)*VLOOKUP(W82,$C$47:$G$688,5,FALSE),)+IFERROR(VLOOKUP(X82,$C$47:$G$688,4,FALSE)*VLOOKUP(X82,$C$47:$G$688,5,FALSE),)+IFERROR(VLOOKUP(Y82,$C$47:$G$688,4,FALSE)*VLOOKUP(Y82,$C$47:$G$688,5,FALSE),) -> 0 | AE82: =+IF(G82<0.75,(I82+J82),0) -> 4.139025 | AF82: =+IF(G82<0.75,0,(I82+J82)) -> 0 | AI82: =D82*(E82*(F82+$E$39*2)*$E$40) -> 0.25085
B83: 37 | C83: PB31 | D83: 1 | E83: 8.2 | F83: 0.3 | G83: 0.6 | H83: =+PRODUCT(D83:G83) -> 1.476 | I83: =PRODUCT(D83,E83,F83)*0 -> 0 | J83: =+M83+P83 -> 6.56 | K83: 0.2 | L83: =+G83-K83 -> 0.4 | M83: =+PRODUCT(D83,E83,L83) -> 3.28 | N83: 0.2 | O83: =+G83-N83 -> 0.4 | P83: =+PRODUCT(D83:E83,O83) -> 3.28 | S83: =+SUM(Q83:R83)*(L83+O83)/2*2 -> 0 | T83: BR17 | U83: BR18 | Z83: =IFERROR(VLOOKUP(T83,$C$47:$G$688,4,FALSE)*VLOOKUP(T83,$C$47:$G$688,5,FALSE),)+IFERROR(VLOOKUP(U83,$C$47:$G$688,4,FALSE)*VLOOKUP(U83,$C$47:$G$688,5,FALSE),)+IFERROR(VLOOKUP(V83,$C$47:$G$9916,4,FALSE)*VLOOKUP(V83,$C$47:$G$688,5,FALSE),)+IFERROR(VLOOKUP(W83,$C$47:$G$688,4,FALSE)*VLOOKUP(W83,$C$47:$G$688,5,FALSE),)+IFERROR(VLOOKUP(X83,$C$47:$G$688,4,FALSE)*VLOOKUP(X83,$C$47:$G$688,5,FALSE),)+IFERROR(VLOOKUP(Y83,$C$47:$G$688,4,FALSE)*VLOOKUP(Y83,$C$47:$G$688,5,FALSE),) -> 0.24 | AE83: =+IF(G83<0.75,(I83+J83),0) -> 6.56 | AF83: =+IF(G83<0.75,0,(I83+J83)) -> 0 | AI83: =D83*(E83*(F83+$E$39*2)*$E$40) -> 0.41
B84: 38 | C84: PB32 | D84: 1 | E84: 1.21 | F84: 0.2 | G84: 0.6 | H84: =+PRODUCT(D84:G84) -> 0.1452 | I84: =PRODUCT(D84,E84,F84)*0 -> 0 | J84: =+M84+P84 -> 1.05875 | K84: 0.2 | L84: =+G84-K84 -> 0.4 | M84: =+PRODUCT(D84,E84,L84) -> 0.484 | N84: 0.125 | O84: =+G84-N84 -> 0.475 | P84: =+PRODUCT(D84:E84,O84) -> 0.57475 | S84: =+SUM(Q84:R84)*(L84+O84)/2*2 -> 0 | Z84: =IFERROR(VLOOKUP(T84,$C$47:$G$688,4,FALSE)*VLOOKUP(T84,$C$47:$G$688,5,FALSE),)+IFERROR(VLOOKUP(U84,$C$47:$G$688,4,FALSE)*VLOOKUP(U84,$C$47:$G$688,5,FALSE),)+IFERROR(VLOOKUP(V84,$C$47:$G$9916,4,FALSE)*VLOOKUP(V84,$C$47:$G$688,5,FALSE),)+IFERROR(VLOOKUP(W84,$C$47:$G$688,4,FALSE)*VLOOKUP(W84,$C$47:$G$688,5,FALSE),)+IFERROR(VLOOKUP(X84,$C$47:$G$688,4,FALSE)*VLOOKUP(X84,$C$47:$G$688,5,FALSE),)+IFERROR(VLOOKUP(Y84,$C$47:$G$688,4,FALSE)*VLOOKUP(Y84,$C$47:$G$688,5,FALSE),) -> 0 | AE84: =+IF(G84<0.75,(I84+J84),0) -> 1.05875 | AF84: =+IF(G84<0.75,0,(I84+J84)) -> 0 | AI84: =D84*(E84*(F84+$E$39*2)*$E$40) -> 0.0484
B85: 39 | C85: PB32A | D85: 1 | E85: 5.15 | F85: 0.2 | G85: 0.6 | H85: =+PRODUCT(D85:G85) -> 0.618 | I85: =PRODUCT(D85,E85,F85)*0 -> 0 | J85: =+M85+P85 -> 4.24875 | K85: 0.2 | L85: =+G85-K85 -> 0.4 | M85: =+PRODUCT(D85,E85,L85) -> 2.06 | N85: 0.175 | O85: =+G85-N85 -> 0.425 | P85: =+PRODUCT(D85:E85,O85) -> 2.18875 | S85: =+SUM(Q85:R85)*(L85+O85)/2*2 -> 0 | Z85: =IFERROR(VLOOKUP(T85,$C$47:$G$688,4,FALSE)*VLOOKUP(T85,$C$47:$G$688,5,FALSE),)+IFERROR(VLOOKUP(U85,$C$47:$G$688,4,FALSE)*VLOOKUP(U85,$C$47:$G$688,5,FALSE),)+IFERROR(VLOOKUP(V85,$C$47:$G$9916,4,FALSE)*VLOOKUP(V85,$C$47:$G$688,5,FALSE),)+IFERROR(VLOOKUP(W85,$C$47:$G$688,4,FALSE)*VLOOKUP(W85,$C$47:$G$688,5,FALSE),)+IFERROR(VLOOKUP(X85,$C$47:$G$688,4,FALSE)*VLOOKUP(X85,$C$47:$G$688,5,FALSE),)+IFERROR(VLOOKUP(Y85,$C$47:$G$688,4,FALSE)*VLOOKUP(Y85,$C$47:$G$688,5,FALSE),) -> 0 | AE85: =+IF(G85<0.75,(I85+J85),0) -> 4.24875 | AF85: =+IF(G85<0.75,0,(I85+J85)) -> 0 | AI85: =D85*(E85*(F85+$E$39*2)*$E$40) -> 0.206
B86: 40 | C86: PB33 | D86: 1 | E86: 2.012 | F86: 0.3 | G86: 0.6 | H86: =+PRODUCT(D86:G86) -> 0.36216 | I86: =PRODUCT(D86,E86,F86)*0 -> 0 | J86: =+M86+P86 -> 2.012 | K86: 0.2 | L86: =+G86-K86 -> 0.4 | M86: =+PRODUCT(D86,E86,L86) -> 0.8048 | N86: 0 | O86: =+G86-N86 -> 0.6 | P86: =+PRODUCT(D86:E86,O86) -> 1.2072 | S86: =+SUM(Q86:R86)*(L86+O86)/2*2 -> 0 | T86: PB18 | Z86: =IFERROR(VLOOKUP(T86,$C$47:$G$688,4,FALSE)*VLOOKUP(T86,$C$47:$G$688,5,FALSE),)+IFERROR(VLOOKUP(U86,$C$47:$G$688,4,FALSE)*VLOOKUP(U86,$C$47:$G$688,5,FALSE),)+IFERROR(VLOOKUP(V86,$C$47:$G$9916,4,FALSE)*VLOOKUP(V86,$C$47:$G$688,5,FALSE),)+IFERROR(VLOOKUP(W86,$C$47:$G$688,4,FALSE)*VLOOKUP(W86,$C$47:$G$688,5,FALSE),)+IFERROR(VLOOKUP(X86,$C$47:$G$688,4,FALSE)*VLOOKUP(X86,$C$47:$G$688,5,FALSE),)+IFERROR(VLOOKUP(Y86,$C$47:$G$688,4,FALSE)*VLOOKUP(Y86,$C$47:$G$688,5,FALSE),) -> 0.12 | AE86: =+IF(G86<0.75,(I86+J86),0) -> 2.012 | AF86: =+IF(G86<0.75,0,(I86+J86)) -> 0 | AI86: =D86*(E86*(F86+$E$39*2)*$E$40) -> 0.1006
B87: 41 | C87: PB33A | D87: 1 | E87: 6.102 | F87: 0.3 | G87: 0.6 | H87: =+PRODUCT(D87:G87) -> 1.09836 | I87: =PRODUCT(D87,E87,F87)*0 -> 0 | J87: =+M87+P87 -> 6.25455 | K87: 0.175 | L87: =+G87-K87 -> 0.425 | M87: =+PRODUCT(D87,E87,L87) -> 2.59335 | N87: 0 | O87: =+G87-N87 -> 0.6 | P87: =+PRODUCT(D87:E87,O87) -> 3.6612 | S87: =+SUM(Q87:R87)*(L87+O87)/2*2 -> 0 | Z87: =IFERROR(VLOOKUP(T87,$C$47:$G$688,4,FALSE)*VLOOKUP(T87,$C$47:$G$688,5,FALSE),)+IFERROR(VLOOKUP(U87,$C$47:$G$688,4,FALSE)*VLOOKUP(U87,$C$47:$G$688,5,FALSE),)+IFERROR(VLOOKUP(V87,$C$47:$G$9916,4,FALSE)*VLOOKUP(V87,$C$47:$G$688,5,FALSE),)+IFERROR(VLOOKUP(W87,$C$47:$G$688,4,FALSE)*VLOOKUP(W87,$C$47:$G$688,5,FALSE),)+IFERROR(VLOOKUP(X87,$C$47:$G$688,4,FALSE)*VLOOKUP(X87,$C$47:$G$688,5,FALSE),)+IFERROR(VLOOKUP(Y87,$C$47:$G$688,4,FALSE)*VLOOKUP(Y87,$C$47:$G$688,5,FALSE),) -> 0 | AE87: =+IF(G87<0.75,(I87+J87),0) -> 6.25455 | AF87: =+IF(G87<0.75,0,(I87+J87)) -> 0 | AI87: =D87*(E87*(F87+$E$39*2)*$E$40) -> 0.3051
B88: 42 | C88: PB34 | D88: 1 | E88: 5.144 | F88: 0.3 | G88: 0.6 | H88: =+PRODUCT(D88:G88) -> 0.92592 | I88: =PRODUCT(D88,E88,F88)*0 -> 0 | J88: =+M88+P88 -> 4.1152 | K88: 0.2 | L88: =+G88-K88 -> 0.4 | M88: =+PRODUCT(D88,E88,L88) -> 2.0576 | N88: 0.2 | O88: =+G88-N88 -> 0.4 | P88: =+PRODUCT(D88:E88,O88) -> 2.0576 | S88: =+SUM(Q88:R88)*(L88+O88)/2*2 -> 0 | Z88: =IFERROR(VLOOKUP(T88,$C$47:$G$688,4,FALSE)*VLOOKUP(T88,$C$47:$G$688,5,FALSE),)+IFERROR(VLOOKUP(U88,$C$47:$G$688,4,FALSE)*VLOOKUP(U88,$C$47:$G$688,5,FALSE),)+IFERROR(VLOOKUP(V88,$C$47:$G$9916,4,FALSE)*VLOOKUP(V88,$C$47:$G$688,5,FALSE),)+IFERROR(VLOOKUP(W88,$C$47:$G$688,4,FALSE)*VLOOKUP(W88,$C$47:$G$688,5,FALSE),)+IFERROR(VLOOKUP(X88,$C$47:$G$688,4,FALSE)*VLOOKUP(X88,$C$47:$G$688,5,FALSE),)+IFERROR(VLOOKUP(Y88,$C$47:$G$688,4,FALSE)*VLOOKUP(Y88,$C$47:$G$688,5,FALSE),) -> 0 | AE88: =+IF(G88<0.75,(I88+J88),0) -> 4.1152 | AF88: =+IF(G88<0.75,0,(I88+J88)) -> 0 | AI88: =D88*(E88*(F88+$E$39*2)*$E$40) -> 0.2572
B89: 43 | C89: PB35 | D89: 1 | E89: 2.05 | F89: 0.3 | G89: 0.6 | H89: =+PRODUCT(D89:G89) -> 0.369 | I89: =PRODUCT(D89,E89,F89)*0 -> 0 | J89: =+M89+P89 -> 1.64 | K89: 0.2 | L89: =+G89-K89 -> 0.4 | M89: =+PRODUCT(D89,E89,L89) -> 0.82 | N89: 0.2 | O89: =+G89-N89 -> 0.4 | P89: =+PRODUCT(D89:E89,O89) -> 0.82 | S89: =+SUM(Q89:R89)*(L89+O89)/2*2 -> 0 | Z89: =IFERROR(VLOOKUP(T89,$C$47:$G$688,4,FALSE)*VLOOKUP(T89,$C$47:$G$688,5,FALSE),)+IFERROR(VLOOKUP(U89,$C$47:$G$688,4,FALSE)*VLOOKUP(U89,$C$47:$G$688,5,FALSE),)+IFERROR(VLOOKUP(V89,$C$47:$G$9916,4,FALSE)*VLOOKUP(V89,$C$47:$G$688,5,FALSE),)+IFERROR(VLOOKUP(W89,$C$47:$G$688,4,FALSE)*VLOOKUP(W89,$C$47:$G$688,5,FALSE),)+IFERROR(VLOOKUP(X89,$C$47:$G$688,4,FALSE)*VLOOKUP(X89,$C$47:$G$688,5,FALSE),)+IFERROR(VLOOKUP(Y89,$C$47:$G$688,4,FALSE)*VLOOKUP(Y89,$C$47:$G$688,5,FALSE),) -> 0 | AE89: =+IF(G89<0.75,(I89+J89),0) -> 1.64 | AF89: =+IF(G89<0.75,0,(I89+J89)) -> 0 | AI89: =D89*(E89*(F89+$E$39*2)*$E$40) -> 0.1025
B90: 44 | C90: PB36 | D90: 1 | E90: 2.203 | F90: 0.2 | G90: 0.6 | H90: =+PRODUCT(D90:G90) -> 0.26436 | I90: =PRODUCT(D90,E90,F90)*0 -> 0 | J90: =+M90+P90 -> 1.927625 | K90: 0.2 | L90: =+G90-K90 -> 0.4 | M90: =+PRODUCT(D90,E90,L90) -> 0.8812 | N90: 0.125 | O90: =+G90-N90 -> 0.475 | P90: =+PRODUCT(D90:E90,O90) -> 1.046425 | S90: =+SUM(Q90:R90)*(L90+O90)/2*2 -> 0 | Z90: =IFERROR(VLOOKUP(T90,$C$47:$G$688,4,FALSE)*VLOOKUP(T90,$C$47:$G$688,5,FALSE),)+IFERROR(VLOOKUP(U90,$C$47:$G$688,4,FALSE)*VLOOKUP(U90,$C$47:$G$688,5,FALSE),)+IFERROR(VLOOKUP(V90,$C$47:$G$9916,4,FALSE)*VLOOKUP(V90,$C$47:$G$688,5,FALSE),)+IFERROR(VLOOKUP(W90,$C$47:$G$688,4,FALSE)*VLOOKUP(W90,$C$47:$G$688,5,FALSE),)+IFERROR(VLOOKUP(X90,$C$47:$G$688,4,FALSE)*VLOOKUP(X90,$C$47:$G$688,5,FALSE),)+IFERROR(VLOOKUP(Y90,$C$47:$G$688,4,FALSE)*VLOOKUP(Y90,$C$47:$G$688,5,FALSE),) -> 0 | AE90: =+IF(G90<0.75,(I90+J90),0) -> 1.927625 | AF90: =+IF(G90<0.75,0,(I90+J90)) -> 0 | AI90: =D90*(E90*(F90+$E$39*2)*$E$40) -> 0.08812
B91: 45 | C91: PB37 | D91: 1 | E91: 3.098 | F91: 0.3 | G91: 0.6 | H91: =+PRODUCT(D91:G91) -> 0.55764 | I91: =PRODUCT(D91,E91,F91)*0 -> 0 | J91: =+M91+P91 -> 2.71075 | K91: 0.125 | L91: =+G91-K91 -> 0.475 | M91: =+PRODUCT(D91,E91,L91) -> 1.47155 | N91: 0.2 | O91: =+G91-N91 -> 0.4 | P91: =+PRODUCT(D91:E91,O91) -> 1.2392 | S91: =+SUM(Q91:R91)*(L91+O91)/2*2 -> 0 | T91: PB36 | Z91: =IFERROR(VLOOKUP(T91,$C$47:$G$688,4,FALSE)*VLOOKUP(T91,$C$47:$G$688,5,FALSE),)+IFERROR(VLOOKUP(U91,$C$47:$G$688,4,FALSE)*VLOOKUP(U91,$C$47:$G$688,5,FALSE),)+IFERROR(VLOOKUP(V91,$C$47:$G$9916,4,FALSE)*VLOOKUP(V91,$C$47:$G$688,5,FALSE),)+IFERROR(VLOOKUP(W91,$C$47:$G$688,4,FALSE)*VLOOKUP(W91,$C$47:$G$688,5,FALSE),)+IFERROR(VLOOKUP(X91,$C$47:$G$688,4,FALSE)*VLOOKUP(X91,$C$47:$G$688,5,FALSE),)+IFERROR(VLOOKUP(Y91,$C$47:$G$688,4,FALSE)*VLOOKUP(Y91,$C$47:$G$688,5,FALSE),) -> 0.12 | AE91: =+IF(G91<0.75,(I91+J91),0) -> 2.71075 | AF91: =+IF(G91<0.75,0,(I91+J91)) -> 0 | AI91: =D91*(E91*(F91+$E$39*2)*$E$40) -> 0.1549
B92: 46 | C92: PB37A | D92: 2 | E92: 0.35 | F92: 0.3 | G92: 0.3 | H92: =+PRODUCT(D92:G92) -> 0.063 | I92: =PRODUCT(D92,E92,F92)*0 -> 0 | J92: =+M92+P92 -> 0.42 | K92: 0 | L92: =+G92-K92 -> 0.3 | M92: =+PRODUCT(D92,E92,L92) -> 0.21 | N92: 0 | O92: =+G92-N92 -> 0.3 | P92: =+PRODUCT(D92:E92,O92) -> 0.21 | S92: =+SUM(Q92:R92)*(L92+O92)/2*2 -> 0 | Z92: =IFERROR(VLOOKUP(T92,$C$47:$G$688,4,FALSE)*VLOOKUP(T92,$C$47:$G$688,5,FALSE),)+IFERROR(VLOOKUP(U92,$C$47:$G$688,4,FALSE)*VLOOKUP(U92,$C$47:$G$688,5,FALSE),)+IFERROR(VLOOKUP(V92,$C$47:$G$9916,4,FALSE)*VLOOKUP(V92,$C$47:$G$688,5,FALSE),)+IFERROR(VLOOKUP(W92,$C$47:$G$688,4,FALSE)*VLOOKUP(W92,$C$47:$G$688,5,FALSE),)+IFERROR(VLOOKUP(X92,$C$47:$G$688,4,FALSE)*VLOOKUP(X92,$C$47:$G$688,5,FALSE),)+IFERROR(VLOOKUP(Y92,$C$47:$G$688,4,FALSE)*VLOOKUP(Y92,$C$47:$G$688,5,FALSE),) -> 0 | AE92: =+IF(G92<0.75,(I92+J92),0) -> 0.42 | AF92: =+IF(G92<0.75,0,(I92+J92)) -> 0 | AI92: =D92*(E92*(F92+$E$39*2)*$E$40) -> 0.035
B93: 47 | C93: PB38 | D93: 1 | E93: 5.051 | F93: 0.2 | G93: 0.6 | H93: =+PRODUCT(D93:G93) -> 0.60612 | I93: =PRODUCT(D93,E93,F93)*0 -> 0 | J93: =+M93+P93 -> 4.672175 | K93: 0.125 | L93: =+G93-K93 -> 0.475 | M93: =+PRODUCT(D93,E93,L93) -> 2.399225 | N93: 0.15 | O93: =+G93-N93 -> 0.45 | P93: =+PRODUCT(D93:E93,O93) -> 2.27295 | S93: =+SUM(Q93:R93)*(L93+O93)/2*2 -> 0 | Z93: =IFERROR(VLOOKUP(T93,$C$47:$G$688,4,FALSE)*VLOOKUP(T93,$C$47:$G$688,5,FALSE),)+IFERROR(VLOOKUP(U93,$C$47:$G$688,4,FALSE)*VLOOKUP(U93,$C$47:$G$688,5,FALSE),)+IFERROR(VLOOKUP(V93,$C$47:$G$9916,4,FALSE)*VLOOKUP(V93,$C$47:$G$688,5,FALSE),)+IFERROR(VLOOKUP(W93,$C$47:$G$688,4,FALSE)*VLOOKUP(W93,$C$47:$G$688,5,FALSE),)+IFERROR(VLOOKUP(X93,$C$47:$G$688,4,FALSE)*VLOOKUP(X93,$C$47:$G$688,5,FALSE),)+IFERROR(VLOOKUP(Y93,$C$47:$G$688,4,FALSE)*VLOOKUP(Y93,$C$47:$G$688,5,FALSE),) -> 0 | AE93: =+IF(G93<0.75,(I93+J93),0) -> 4.672175 | AF93: =+IF(G93<0.75,0,(I93+J93)) -> 0 | AI93: =D93*(E93*(F93+$E$39*2)*$E$40) -> 0.20204
B94: 48 | C94: BR1 | D94: 1 | E94: 0.45 | F94: 0.2 | G94: 0.6 | H94: =+PRODUCT(D94:G94) -> 0.054 | I94: =PRODUCT(D94,E94,F94) -> 0.09 | J94: =+M94+P94 -> 0.54 | K94: 0 | L94: =+G94-K94 -> 0.6 | M94: =+PRODUCT(D94,E94,L94) -> 0.27 | N94: 0 | O94: =+G94-N94 -> 0.6 | P94: =+PRODUCT(D94:E94,O94) -> 0.27 | S94: =+SUM(Q94:R94)*(L94+O94)/2*2 -> 0 | Z94: =IFERROR(VLOOKUP(T94,$C$47:$G$688,4,FALSE)*VLOOKUP(T94,$C$47:$G$688,5,FALSE),)+IFERROR(VLOOKUP(U94,$C$47:$G$688,4,FALSE)*VLOOKUP(U94,$C$47:$G$688,5,FALSE),)+IFERROR(VLOOKUP(V94,$C$47:$G$9916,4,FALSE)*VLOOKUP(V94,$C$47:$G$688,5,FALSE),)+IFERROR(VLOOKUP(W94,$C$47:$G$688,4,FALSE)*VLOOKUP(W94,$C$47:$G$688,5,FALSE),)+IFERROR(VLOOKUP(X94,$C$47:$G$688,4,FALSE)*VLOOKUP(X94,$C$47:$G$688,5,FALSE),)+IFERROR(VLOOKUP(Y94,$C$47:$G$688,4,FALSE)*VLOOKUP(Y94,$C$47:$G$688,5,FALSE),) -> 0 | AE94: =+IF(G94<0.75,(I94+J94),0) -> 0.63 | AF94: =+IF(G94<0.75,0,(I94+J94)) -> 0 | AI94: =D94*(E94*(F94+$E$39*2)*$E$40) -> 0.018
B95: 49 | C95: BR2 | D95: 1 | E95: 1.2 | F95: 0.2 | G95: 0.6 | H95: =+PRODUCT(D95:G95) -> 0.144 | I95: =PRODUCT(D95,E95,F95) -> 0.24 | J95: =+M95+P95 -> 1.44 | K95: 0 | L95: =+G95-K95 -> 0.6 | M95: =+PRODUCT(D95,E95,L95) -> 0.72 | N95: 0 | O95: =+G95-N95 -> 0.6 | P95: =+PRODUCT(D95:E95,O95) -> 0.72 | S95: =+SUM(Q95:R95)*(L95+O95)/2*2 -> 0 | T95: BR1 | U95: BR3 | Z95: =IFERROR(VLOOKUP(T95,$C$47:$G$688,4,FALSE)*VLOOKUP(T95,$C$47:$G$688,5,FALSE),)+IFERROR(VLOOKUP(U95,$C$47:$G$688,4,FALSE)*VLOOKUP(U95,$C$47:$G$688,5,FALSE),)+IFERROR(VLOOKUP(V95,$C$47:$G$9916,4,FALSE)*VLOOKUP(V95,$C$47:$G$688,5,FALSE),)+IFERROR(VLOOKUP(W95,$C$47:$G$688,4,FALSE)*VLOOKUP(W95,$C$47:$G$688,5,FALSE),)+IFERROR(VLOOKUP(X95,$C$47:$G$688,4,FALSE)*VLOOKUP(X95,$C$47:$G$688,5,FALSE),)+IFERROR(VLOOKUP(Y95,$C$47:$G$688,4,FALSE)*VLOOKUP(Y95,$C$47:$G$688,5,FALSE),) -> 0.24 | AE95: =+IF(G95<0.75,(I95+J95),0) -> 1.68 | AF95: =+IF(G95<0.75,0,(I95+J95)) -> 0 | AI95: =D95*(E95*(F95+$E$39*2)*$E$40) -> 0.048
B96: 50 | C96: BR3 | D96: 1 | E96: 0.45 | F96: 0.2 | G96: 0.6 | H96: =+PRODUCT(D96:G96) -> 0.054 | I96: =PRODUCT(D96,E96,F96) -> 0.09 | J96: =+M96+P96 -> 0.54 | K96: 0 | L96: =+G96-K96 -> 0.6 | M96: =+PRODUCT(D96,E96,L96) -> 0.27 | N96: 0 | O96: =+G96-N96 -> 0.6 | P96: =+PRODUCT(D96:E96,O96) -> 0.27 | S96: =+SUM(Q96:R96)*(L96+O96)/2*2 -> 0 | Z96: =IFERROR(VLOOKUP(T96,$C$47:$G$688,4,FALSE)*VLOOKUP(T96,$C$47:$G$688,5,FALSE),)+IFERROR(VLOOKUP(U96,$C$47:$G$688,4,FALSE)*VLOOKUP(U96,$C$47:$G$688,5,FALSE),)+IFERROR(VLOOKUP(V96,$C$47:$G$9916,4,FALSE)*VLOOKUP(V96,$C$47:$G$688,5,FALSE),)+IFERROR(VLOOKUP(W96,$C$47:$G$688,4,FALSE)*VLOOKUP(W96,$C$47:$G$688,5,FALSE),)+IFERROR(VLOOKUP(X96,$C$47:$G$688,4,FALSE)*VLOOKUP(X96,$C$47:$G$688,5,FALSE),)+IFERROR(VLOOKUP(Y96,$C$47:$G$688,4,FALSE)*VLOOKUP(Y96,$C$47:$G$688,5,FALSE),) -> 0 | AE96: =+IF(G96<0.75,(I96+J96),0) -> 0.63 | AF96: =+IF(G96<0.75,0,(I96+J96)) -> 0 | AI96: =D96*(E96*(F96+$E$39*2)*$E$40) -> 0.018
B97: 51 | C97: BR4 | D97: 1 | E97: 1.053 | F97: 0.2 | G97: 0.6 | H97: =+PRODUCT(D97:G97) -> 0.12636 | I97: =PRODUCT(D97,E97,F97) -> 0.2106 | J97: =+M97+P97 -> 1.053 | K97: 0.2 | L97: =+G97-K97 -> 0.4 | M97: =+PRODUCT(D97,E97,L97) -> 0.4212 | N97: 0 | O97: =+G97-N97 -> 0.6 | P97: =+PRODUCT(D97:E97,O97) -> 0.6318 | S97: =+SUM(Q97:R97)*(L97+O97)/2*2 -> 0 | T97: BR5 | Z97: =IFERROR(VLOOKUP(T97,$C$47:$G$688,4,FALSE)*VLOOKUP(T97,$C$47:$G$688,5,FALSE),)+IFERROR(VLOOKUP(U97,$C$47:$G$688,4,FALSE)*VLOOKUP(U97,$C$47:$G$688,5,FALSE),)+IFERROR(VLOOKUP(V97,$C$47:$G$9916,4,FALSE)*VLOOKUP(V97,$C$47:$G$688,5,FALSE),)+IFERROR(VLOOKUP(W97,$C$47:$G$688,4,FALSE)*VLOOKUP(W97,$C$47:$G$688,5,FALSE),)+IFERROR(VLOOKUP(X97,$C$47:$G$688,4,FALSE)*VLOOKUP(X97,$C$47:$G$688,5,FALSE),)+IFERROR(VLOOKUP(Y97,$C$47:$G$688,4,FALSE)*VLOOKUP(Y97,$C$47:$G$688,5,FALSE),) -> 0.12 | AE97: =+IF(G97<0.75,(I97+J97),0) -> 1.2636 | AF97: =+IF(G97<0.75,0,(I97+J97)) -> 0 | AI97: =D97*(E97*(F97+$E$39*2)*$E$40) -> 0.04212
B98: 52 | C98: BR5 | D98: 1 | E98: 0.942 | F98: 0.2 | G98: 0.6 | H98: =+PRODUCT(D98:G98) -> 0.11304 | I98: =PRODUCT(D98,E98,F98) -> 0.1884 | J98: =+M98+P98 -> 0.942 | K98: 0.2 | L98: =+G98-K98 -> 0.4 | M98: =+PRODUCT(D98,E98,L98) -> 0.3768 | N98: 0 | O98: =+G98-N98 -> 0.6 | P98: =+PRODUCT(D98:E98,O98) -> 0.5652 | S98: =+SUM(Q98:R98)*(L98+O98)/2*2 -> 0 | Z98: =IFERROR(VLOOKUP(T98,$C$47:$G$688,4,FALSE)*VLOOKUP(T98,$C$47:$G$688,5,FALSE),)+IFERROR(VLOOKUP(U98,$C$47:$G$688,4,FALSE)*VLOOKUP(U98,$C$47:$G$688,5,FALSE),)+IFERROR(VLOOKUP(V98,$C$47:$G$9916,4,FALSE)*VLOOKUP(V98,$C$47:$G$688,5,FALSE),)+IFERROR(VLOOKUP(W98,$C$47:$G$688,4,FALSE)*VLOOKUP(W98,$C$47:$G$688,5,FALSE),)+IFERROR(VLOOKUP(X98,$C$47:$G$688,4,FALSE)*VLOOKUP(X98,$C$47:$G$688,5,FALSE),)+IFERROR(VLOOKUP(Y98,$C$47:$G$688,4,FALSE)*VLOOKUP(Y98,$C$47:$G$688,5,FALSE),) -> 0 | AE98: =+IF(G98<0.75,(I98+J98),0) -> 1.1304 | AF98: =+IF(G98<0.75,0,(I98+J98)) -> 0 | AI98: =D98*(E98*(F98+$E$39*2)*$E$40) -> 0.03768
B99: 53 | C99: BR6 | D99: 1 | E99: 0.951 | F99: 0.2 | G99: 0.6 | H99: =+PRODUCT(D99:G99) -> 0.11412 | I99: =PRODUCT(D99,E99,F99) -> 0.1902 | J99: =+M99+P99 -> 0.951 | K99: 0.2 | L99: =+G99-K99 -> 0.4 | M99: =+PRODUCT(D99,E99,L99) -> 0.3804 | N99: 0 | O99: =+G99-N99 -> 0.6 | P99: =+PRODUCT(D99:E99,O99) -> 0.5706 | S99: =+SUM(Q99:R99)*(L99+O99)/2*2 -> 0 | Z99: =IFERROR(VLOOKUP(T99,$C$47:$G$688,4,FALSE)*VLOOKUP(T99,$C$47:$G$688,5,FALSE),)+IFERROR(VLOOKUP(U99,$C$47:$G$688,4,FALSE)*VLOOKUP(U99,$C$47:$G$688,5,FALSE),)+IFERROR(VLOOKUP(V99,$C$47:$G$9916,4,FALSE)*VLOOKUP(V99,$C$47:$G$688,5,FALSE),)+IFERROR(VLOOKUP(W99,$C$47:$G$688,4,FALSE)*VLOOKUP(W99,$C$47:$G$688,5,FALSE),)+IFERROR(VLOOKUP(X99,$C$47:$G$688,4,FALSE)*VLOOKUP(X99,$C$47:$G$688,5,FALSE),)+IFERROR(VLOOKUP(Y99,$C$47:$G$688,4,FALSE)*VLOOKUP(Y99,$C$47:$G$688,5,FALSE),) -> 0 | AE99: =+IF(G99<0.75,(I99+J99),0) -> 1.1412 | AF99: =+IF(G99<0.75,0,(I99+J99)) -> 0 | AI99: =D99*(E99*(F99+$E$39*2)*$E$40) -> 0.03804
B100: 54 | C100: BR7 | D100: 1 | E100: 1.053 | F100: 0.2 | G100: 0.6 | H100: =+PRODUCT(D100:G100) -> 0.12636 | I100: =PRODUCT(D100,E100,F100) -> 0.2106 | J100: =+M100+P100 -> 1.053 | K100: 0.2 | L100: =+G100-K100 -> 0.4 | M100: =+PRODUCT(D100,E100,L100) -> 0.4212 | N100: 0 | O100: =+G100-N100 -> 0.6 | P100: =+PRODUCT(D100:E100,O100) -> 0.6318 | S100: =+SUM(Q100:R100)*(L100+O100)/2*2 -> 0 | T100: BR6 | Z100: =IFERROR(VLOOKUP(T100,$C$47:$G$688,4,FALSE)*VLOOKUP(T100,$C$47:$G$688,5,FALSE),)+IFERROR(VLOOKUP(U100,$C$47:$G$688,4,FALSE)*VLOOKUP(U100,$C$47:$G$688,5,FALSE),)+IFERROR(VLOOKUP(V100,$C$47:$G$9916,4,FALSE)*VLOOKUP(V100,$C$47:$G$688,5,FALSE),)+IFERROR(VLOOKUP(W100,$C$47:$G$688,4,FALSE)*VLOOKUP(W100,$C$47:$G$688,5,FALSE),)+IFERROR(VLOOKUP(X100,$C$47:$G$688,4,FALSE)*VLOOKUP(X100,$C$47:$G$688,5,FALSE),)+IFERROR(VLOOKUP(Y100,$C$47:$G$688,4,FALSE)*VLOOKUP(Y100,$C$47:$G$688,5,FALSE),) -> 0.12 | AE100: =+IF(G100<0.75,(I100+J100),0) -> 1.2636 | AF100: =+IF(G100<0.75,0,(I100+J100)) -> 0 | AI100: =D100*(E100*(F100+$E$39*2)*$E$40) -> 0.04212
B101: 55 | C101: BR8 | D101: 1 | E101: 1.05 | F101: 0.2 | G101: 0.6 | H101: =+PRODUCT(D101:G101) -> 0.126 | I101: =PRODUCT(D101,E101,F101) -> 0.21 | J101: =+M101+P101 -> 1.05 | K101: 0.2 | L101: =+G101-K101 -> 0.4 | M101: =+PRODUCT(D101,E101,L101) -> 0.42 | N101: 0 | O101: =+G101-N101 -> 0.6 | P101: =+PRODUCT(D101:E101,O101) -> 0.63 | S101: =+SUM(Q101:R101)*(L101+O101)/2*2 -> 0 | T101: BR9 | Z101: =IFERROR(VLOOKUP(T101,$C$47:$G$688,4,FALSE)*VLOOKUP(T101,$C$47:$G$688,5,FALSE),)+IFERROR(VLOOKUP(U101,$C$47:$G$688,4,FALSE)*VLOOKUP(U101,$C$47:$G$688,5,FALSE),)+IFERROR(VLOOKUP(V101,$C$47:$G$9916,4,FALSE)*VLOOKUP(V101,$C$47:$G$688,5,FALSE),)+IFERROR(VLOOKUP(W101,$C$47:$G$688,4,FALSE)*VLOOKUP(W101,$C$47:$G$688,5,FALSE),)+IFERROR(VLOOKUP(X101,$C$47:$G$688,4,FALSE)*VLOOKUP(X101,$C$47:$G$688,5,FALSE),)+IFERROR(VLOOKUP(Y101,$C$47:$G$688,4,FALSE)*VLOOKUP(Y101,$C$47:$G$688,5,FALSE),) -> 0.12 | AE101: =+IF(G101<0.75,(I101+J101),0) -> 1.26 | AF101: =+IF(G101<0.75,0,(I101+J101)) -> 0 | AI101: =D101*(E101*(F101+$E$39*2)*$E$40) -> 0.042
B102: 56 | C102: BR9 | D102: 1 | E102: 1.097 | F102: 0.2 | G102: 0.6 | H102: =+PRODUCT(D102:G102) -> 0.13164 | I102: =PRODUCT(D102,E102,F102) -> 0.2194 | J102: =+M102+P102 -> 1.097 | K102: 0.2 | L102: =+G102-K102 -> 0.4 | M102: =+PRODUCT(D102,E102,L102) -> 0.4388 | N102: 0 | O102: =+G102-N102 -> 0.6 | P102: =+PRODUCT(D102:E102,O102) -> 0.6582 | S102: =+SUM(Q102:R102)*(L102+O102)/2*2 -> 0 | Z102: =IFERROR(VLOOKUP(T102,$C$47:$G$688,4,FALSE)*VLOOKUP(T102,$C$47:$G$688,5,FALSE),)+IFERROR(VLOOKUP(U102,$C$47:$G$688,4,FALSE)*VLOOKUP(U102,$C$47:$G$688,5,FALSE),)+IFERROR(VLOOKUP(V102,$C$47:$G$9916,4,FALSE)*VLOOKUP(V102,$C$47:$G$688,5,FALSE),)+IFERROR(VLOOKUP(W102,$C$47:$G$688,4,FALSE)*VLOOKUP(W102,$C$47:$G$688,5,FALSE),)+IFERROR(VLOOKUP(X102,$C$47:$G$688,4,FALSE)*VLOOKUP(X102,$C$47:$G$688,5,FALSE),)+IFERROR(VLOOKUP(Y102,$C$47:$G$688,4,FALSE)*VLOOKUP(Y102,$C$47:$G$688,5,FALSE),) -> 0 | AE102: =+IF(G102<0.75,(I102+J102),0) -> 1.3164 | AF102: =+IF(G102<0.75,0,(I102+J102)) -> 0 | AI102: =D102*(E102*(F102+$E$39*2)*$E$40) -> 0.04388
B103: 57 | C103: BR10 | D103: 1 | E103: 0.991 | F103: 0.2 | G103: 0.6 | H103: =+PRODUCT(D103:G103) -> 0.11892 | I103: =PRODUCT(D103,E103,F103) -> 0.1982 | J103: =+M103+P103 -> 0.991 | K103: 0.2 | L103: =+G103-K103 -> 0.4 | M103: =+PRODUCT(D103,E103,L103) -> 0.3964 | N103: 0 | O103: =+G103-N103 -> 0.6 | P103: =+PRODUCT(D103:E103,O103) -> 0.5946 | S103: =+SUM(Q103:R103)*(L103+O103)/2*2 -> 0 | Z103: =IFERROR(VLOOKUP(T103,$C$47:$G$688,4,FALSE)*VLOOKUP(T103,$C$47:$G$688,5,FALSE),)+IFERROR(VLOOKUP(U103,$C$47:$G$688,4,FALSE)*VLOOKUP(U103,$C$47:$G$688,5,FALSE),)+IFERROR(VLOOKUP(V103,$C$47:$G$9916,4,FALSE)*VLOOKUP(V103,$C$47:$G$688,5,FALSE),)+IFERROR(VLOOKUP(W103,$C$47:$G$688,4,FALSE)*VLOOKUP(W103,$C$47:$G$688,5,FALSE),)+IFERROR(VLOOKUP(X103,$C$47:$G$688,4,FALSE)*VLOOKUP(X103,$C$47:$G$688,5,FALSE),)+IFERROR(VLOOKUP(Y103,$C$47:$G$688,4,FALSE)*VLOOKUP(Y103,$C$47:$G$688,5,FALSE),) -> 0 | AE103: =+IF(G103<0.75,(I103+J103),0) -> 1.1892 | AF103: =+IF(G103<0.75,0,(I103+J103)) -> 0 | AI103: =D103*(E103*(F103+$E$39*2)*$E$40) -> 0.03964
B104: 58 | C104: BR11 | D104: 1 | E104: 1.05 | F104: 0.2 | G104: 0.6 | H104: =+PRODUCT(D104:G104) -> 0.126 | I104: =PRODUCT(D104,E104,F104) -> 0.21 | J104: =+M104+P104 -> 1.05 | K104: 0.2 | L104: =+G104-K104 -> 0.4 | M104: =+PRODUCT(D104,E104,L104) -> 0.42 | N104: 0 | O104: =+G104-N104 -> 0.6 | P104: =+PRODUCT(D104:E104,O104) -> 0.63 | S104: =+SUM(Q104:R104)*(L104+O104)/2*2 -> 0 | T104: BR10 | Z104: =IFERROR(VLOOKUP(T104,$C$47:$G$688,4,FALSE)*VLOOKUP(T104,$C$47:$G$688,5,FALSE),)+IFERROR(VLOOKUP(U104,$C$47:$G$688,4,FALSE)*VLOOKUP(U104,$C$47:$G$688,5,FALSE),)+IFERROR(VLOOKUP(V104,$C$47:$G$9916,4,FALSE)*VLOOKUP(V104,$C$47:$G$688,5,FALSE),)+IFERROR(VLOOKUP(W104,$C$47:$G$688,4,FALSE)*VLOOKUP(W104,$C$47:$G$688,5,FALSE),)+IFERROR(VLOOKUP(X104,$C$47:$G$688,4,FALSE)*VLOOKUP(X104,$C$47:$G$688,5,FALSE),)+IFERROR(VLOOKUP(Y104,$C$47:$G$688,4,FALSE)*VLOOKUP(Y104,$C$47:$G$688,5,FALSE),) -> 0.12 | AE104: =+IF(G104<0.75,(I104+J104),0) -> 1.26 | AF104: =+IF(G104<0.75,0,(I104+J104)) -> 0 | AI104: =D104*(E104*(F104+$E$39*2)*$E$40) -> 0.042
B105: 59 | C105: BR12 | D105: 1 | E105: 1.05 | F105: 0.2 | G105: 0.6 | H105: =+PRODUCT(D105:G105) -> 0.126 | I105: =PRODUCT(D105,E105,F105) -> 0.21 | J105: =+M105+P105 -> 1.05 | K105: 0.2 | L105: =+G105-K105 -> 0.4 | M105: =+PRODUCT(D105,E105,L105) -> 0.42 | N105: 0 | O105: =+G105-N105 -> 0.6 | P105: =+PRODUCT(D105:E105,O105) -> 0.63 | S105: =+SUM(Q105:R105)*(L105+O105)/2*2 -> 0 | T105: BR13 | Z105: =IFERROR(VLOOKUP(T105,$C$47:$G$688,4,FALSE)*VLOOKUP(T105,$C$47:$G$688,5,FALSE),)+IFERROR(VLOOKUP(U105,$C$47:$G$688,4,FALSE)*VLOOKUP(U105,$C$47:$G$688,5,FALSE),)+IFERROR(VLOOKUP(V105,$C$47:$G$9916,4,FALSE)*VLOOKUP(V105,$C$47:$G$688,5,FALSE),)+IFERROR(VLOOKUP(W105,$C$47:$G$688,4,FALSE)*VLOOKUP(W105,$C$47:$G$688,5,FALSE),)+IFERROR(VLOOKUP(X105,$C$47:$G$688,4,FALSE)*VLOOKUP(X105,$C$47:$G$688,5,FALSE),)+IFERROR(VLOOKUP(Y105,$C$47:$G$688,4,FALSE)*VLOOKUP(Y105,$C$47:$G$688,5,FALSE),) -> 0.12 | AE105: =+IF(G105<0.75,(I105+J105),0) -> 1.26 | AF105: =+IF(G105<0.75,0,(I105+J105)) -> 0 | AI105: =D105*(E105*(F105+$E$39*2)*$E$40) -> 0.042
B106: 60 | C106: BR13 | D106: 1 | E106: 0.3 | F106: 0.2 | G106: 0.6 | H106: =+PRODUCT(D106:G106) -> 0.036 | I106: =PRODUCT(D106,E106,F106) -> 0.06 | J106: =+M106+P106 -> 0.3 | K106: 0.2 | L106: =+G106-K106 -> 0.4 | M106: =+PRODUCT(D106,E106,L106) -> 0.12 | N106: 0 | O106: =+G106-N106 -> 0.6 | P106: =+PRODUCT(D106:E106,O106) -> 0.18 | S106: =+SUM(Q106:R106)*(L106+O106)/2*2 -> 0 | Z106: =IFERROR(VLOOKUP(T106,$C$47:$G$688,4,FALSE)*VLOOKUP(T106,$C$47:$G$688,5,FALSE),)+IFERROR(VLOOKUP(U106,$C$47:$G$688,4,FALSE)*VLOOKUP(U106,$C$47:$G$688,5,FALSE),)+IFERROR(VLOOKUP(V106,$C$47:$G$9916,4,FALSE)*VLOOKUP(V106,$C$47:$G$688,5,FALSE),)+IFERROR(VLOOKUP(W106,$C$47:$G$688,4,FALSE)*VLOOKUP(W106,$C$47:$G$688,5,FALSE),)+IFERROR(VLOOKUP(X106,$C$47:$G$688,4,FALSE)*VLOOKUP(X106,$C$47:$G$688,5,FALSE),)+IFERROR(VLOOKUP(Y106,$C$47:$G$688,4,FALSE)*VLOOKUP(Y106,$C$47:$G$688,5,FALSE),) -> 0 | AE106: =+IF(G106<0.75,(I106+J106),0) -> 0.36 | AF106: =+IF(G106<0.75,0,(I106+J106)) -> 0 | AI106: =D106*(E106*(F106+$E$39*2)*$E$40) -> 0.012
B107: 61 | C107: BR14 | D107: 1 | E107: 0.9 | F107: 0.2 | G107: 0.6 | H107: =+PRODUCT(D107:G107) -> 0.108 | I107: =PRODUCT(D107,E107,F107) -> 0.18 | J107: =+M107+P107 -> 0.9 | K107: 0.2 | L107: =+G107-K107 -> 0.4 | M107: =+PRODUCT(D107,E107,L107) -> 0.36 | N107: 0 | O107: =+G107-N107 -> 0.6 | P107: =+PRODUCT(D107:E107,O107) -> 0.54 | S107: =+SUM(Q107:R107)*(L107+O107)/2*2 -> 0 | Z107: =IFERROR(VLOOKUP(T107,$C$47:$G$688,4,FALSE)*VLOOKUP(T107,$C$47:$G$688,5,FALSE),)+IFERROR(VLOOKUP(U107,$C$47:$G$688,4,FALSE)*VLOOKUP(U107,$C$47:$G$688,5,FALSE),)+IFERROR(VLOOKUP(V107,$C$47:$G$9916,4,FALSE)*VLOOKUP(V107,$C$47:$G$688,5,FALSE),)+IFERROR(VLOOKUP(W107,$C$47:$G$688,4,FALSE)*VLOOKUP(W107,$C$47:$G$688,5,FALSE),)+IFERROR(VLOOKUP(X107,$C$47:$G$688,4,FALSE)*VLOOKUP(X107,$C$47:$G$688,5,FALSE),)+IFERROR(VLOOKUP(Y107,$C$47:$G$688,4,FALSE)*VLOOKUP(Y107,$C$47:$G$688,5,FALSE),) -> 0 | AE107: =+IF(G107<0.75,(I107+J107),0) -> 1.08 | AF107: =+IF(G107<0.75,0,(I107+J107)) -> 0 | AI107: =D107*(E107*(F107+$E$39*2)*$E$40) -> 0.036
B108: 62 | C108: BR15 | D108: 1 | E108: 1.05 | F108: 0.2 | G108: 0.6 | H108: =+PRODUCT(D108:G108) -> 0.126 | I108: =PRODUCT(D108,E108,F108) -> 0.21 | J108: =+M108+P108 -> 1.05 | K108: 0.2 | L108: =+G108-K108 -> 0.4 | M108: =+PRODUCT(D108,E108,L108) -> 0.42 | N108: 0 | O108: =+G108-N108 -> 0.6 | P108: =+PRODUCT(D108:E108,O108) -> 0.63 | S108: =+SUM(Q108:R108)*(L108+O108)/2*2 -> 0 | T108: BR14 | Z108: =IFERROR(VLOOKUP(T108,$C$47:$G$688,4,FALSE)*VLOOKUP(T108,$C$47:$G$688,5,FALSE),)+IFERROR(VLOOKUP(U108,$C$47:$G$688,4,FALSE)*VLOOKUP(U108,$C$47:$G$688,5,FALSE),)+IFERROR(VLOOKUP(V108,$C$47:$G$9916,4,FALSE)*VLOOKUP(V108,$C$47:$G$688,5,FALSE),)+IFERROR(VLOOKUP(W108,$C$47:$G$688,4,FALSE)*VLOOKUP(W108,$C$47:$G$688,5,FALSE),)+IFERROR(VLOOKUP(X108,$C$47:$G$688,4,FALSE)*VLOOKUP(X108,$C$47:$G$688,5,FALSE),)+IFERROR(VLOOKUP(Y108,$C$47:$G$688,4,FALSE)*VLOOKUP(Y108,$C$47:$G$688,5,FALSE),) -> 0.12 | AE108: =+IF(G108<0.75,(I108+J108),0) -> 1.26 | AF108: =+IF(G108<0.75,0,(I108+J108)) -> 0 | AI108: =D108*(E108*(F108+$E$39*2)*$E$40) -> 0.042
B109: 63 | C109: BR16 | D109: 1 | E109: 1.046 | F109: 0.2 | G109: 0.6 | H109: =+PRODUCT(D109:G109) -> 0.12552 | I109: =PRODUCT(D109,E109,F109) -> 0.2092 | J109: =+M109+P109 -> 1.046 | K109: 0.2 | L109: =+G109-K109 -> 0.4 | M109: =+PRODUCT(D109,E109,L109) -> 0.4184 | N109: 0 | O109: =+G109-N109 -> 0.6 | P109: =+PRODUCT(D109:E109,O109) -> 0.6276 | S109: =+SUM(Q109:R109)*(L109+O109)/2*2 -> 0 | T109: BR17 | Z109: =IFERROR(VLOOKUP(T109,$C$47:$G$688,4,FALSE)*VLOOKUP(T109,$C$47:$G$688,5,FALSE),)+IFERROR(VLOOKUP(U109,$C$47:$G$688,4,FALSE)*VLOOKUP(U109,$C$47:$G$688,5,FALSE),)+IFERROR(VLOOKUP(V109,$C$47:$G$9916,4,FALSE)*VLOOKUP(V109,$C$47:$G$688,5,FALSE),)+IFERROR(VLOOKUP(W109,$C$47:$G$688,4,FALSE)*VLOOKUP(W109,$C$47:$G$688,5,FALSE),)+IFERROR(VLOOKUP(X109,$C$47:$G$688,4,FALSE)*VLOOKUP(X109,$C$47:$G$688,5,FALSE),)+IFERROR(VLOOKUP(Y109,$C$47:$G$688,4,FALSE)*VLOOKUP(Y109,$C$47:$G$688,5,FALSE),) -> 0.12 | AE109: =+IF(G109<0.75,(I109+J109),0) -> 1.2552 | AF109: =+IF(G109<0.75,0,(I109+J109)) -> 0 | AI109: =D109*(E109*(F109+$E$39*2)*$E$40) -> 0.04184
B110: 64 | C110: BR17 | D110: 1 | E110: 0.951 | F110: 0.2 | G110: 0.6 | H110: =+PRODUCT(D110:G110) -> 0.11412 | I110: =PRODUCT(D110,E110,F110) -> 0.1902 | J110: =+M110+P110 -> 0.951 | K110: 0.2 | L110: =+G110-K110 -> 0.4 | M110: =+PRODUCT(D110,E110,L110) -> 0.3804 | N110: 0 | O110: =+G110-N110 -> 0.6 | P110: =+PRODUCT(D110:E110,O110) -> 0.5706 | S110: =+SUM(Q110:R110)*(L110+O110)/2*2 -> 0 | Z110: =IFERROR(VLOOKUP(T110,$C$47:$G$688,4,FALSE)*VLOOKUP(T110,$C$47:$G$688,5,FALSE),)+IFERROR(VLOOKUP(U110,$C$47:$G$688,4,FALSE)*VLOOKUP(U110,$C$47:$G$688,5,FALSE),)+IFERROR(VLOOKUP(V110,$C$47:$G$9916,4,FALSE)*VLOOKUP(V110,$C$47:$G$688,5,FALSE),)+IFERROR(VLOOKUP(W110,$C$47:$G$688,4,FALSE)*VLOOKUP(W110,$C$47:$G$688,5,FALSE),)+IFERROR(VLOOKUP(X110,$C$47:$G$688,4,FALSE)*VLOOKUP(X110,$C$47:$G$688,5,FALSE),)+IFERROR(VLOOKUP(Y110,$C$47:$G$688,4,FALSE)*VLOOKUP(Y110,$C$47:$G$688,5,FALSE),) -> 0 | AE110: =+IF(G110<0.75,(I110+J110),0) -> 1.1412 | AF110: =+IF(G110<0.75,0,(I110+J110)) -> 0 | AI110: =D110*(E110*(F110+$E$39*2)*$E$40) -> 0.03804
B111: 65 | C111: BR18 | D111: 1 | E111: 0.952 | F111: 0.2 | G111: 0.6 | H111: =+PRODUCT(D111:G111) -> 0.11424 | I111: =PRODUCT(D111,E111,F111) -> 0.1904 | J111: =+M111+P111 -> 0.952 | K111: 0.2 | L111: =+G111-K111 -> 0.4 | M111: =+PRODUCT(D111,E111,L111) -> 0.3808 | N111: 0 | O111: =+G111-N111 -> 0.6 | P111: =+PRODUCT(D111:E111,O111) -> 0.5712 | S111: =+SUM(Q111:R111)*(L111+O111)/2*2 -> 0 | Z111: =IFERROR(VLOOKUP(T111,$C$47:$G$688,4,FALSE)*VLOOKUP(T111,$C$47:$G$688,5,FALSE),)+IFERROR(VLOOKUP(U111,$C$47:$G$688,4,FALSE)*VLOOKUP(U111,$C$47:$G$688,5,FALSE),)+IFERROR(VLOOKUP(V111,$C$47:$G$9916,4,FALSE)*VLOOKUP(V111,$C$47:$G$688,5,FALSE),)+IFERROR(VLOOKUP(W111,$C$47:$G$688,4,FALSE)*VLOOKUP(W111,$C$47:$G$688,5,FALSE),)+IFERROR(VLOOKUP(X111,$C$47:$G$688,4,FALSE)*VLOOKUP(X111,$C$47:$G$688,5,FALSE),)+IFERROR(VLOOKUP(Y111,$C$47:$G$688,4,FALSE)*VLOOKUP(Y111,$C$47:$G$688,5,FALSE),) -> 0 | AE111: =+IF(G111<0.75,(I111+J111),0) -> 1.1424 | AF111: =+IF(G111<0.75,0,(I111+J111)) -> 0 | AI111: =D111*(E111*(F111+$E$39*2)*$E$40) -> 0.03808
B112: 66 | C112: BR19 | D112: 1 | E112: 1.05 | F112: 0.2 | G112: 0.6 | H112: =+PRODUCT(D112:G112) -> 0.126 | I112: =PRODUCT(D112,E112,F112) -> 0.21 | J112: =+M112+P112 -> 1.05 | K112: 0.2 | L112: =+G112-K112 -> 0.4 | M112: =+PRODUCT(D112,E112,L112) -> 0.42 | N112: 0 | O112: =+G112-N112 -> 0.6 | P112: =+PRODUCT(D112:E112,O112) -> 0.63 | S112: =+SUM(Q112:R112)*(L112+O112)/2*2 -> 0 | T112: BR18 | Z112: =IFERROR(VLOOKUP(T112,$C$47:$G$688,4,FALSE)*VLOOKUP(T112,$C$47:$G$688,5,FALSE),)+IFERROR(VLOOKUP(U112,$C$47:$G$688,4,FALSE)*VLOOKUP(U112,$C$47:$G$688,5,FALSE),)+IFERROR(VLOOKUP(V112,$C$47:$G$9916,4,FALSE)*VLOOKUP(V112,$C$47:$G$688,5,FALSE),)+IFERROR(VLOOKUP(W112,$C$47:$G$688,4,FALSE)*VLOOKUP(W112,$C$47:$G$688,5,FALSE),)+IFERROR(VLOOKUP(X112,$C$47:$G$688,4,FALSE)*VLOOKUP(X112,$C$47:$G$688,5,FALSE),)+IFERROR(VLOOKUP(Y112,$C$47:$G$688,4,FALSE)*VLOOKUP(Y112,$C$47:$G$688,5,FALSE),) -> 0.12 | AE112: =+IF(G112<0.75,(I112+J112),0) -> 1.26 | AF112: =+IF(G112<0.75,0,(I112+J112)) -> 0 | AI112: =D112*(E112*(F112+$E$39*2)*$E$40) -> 0.042
B113: 67 | C113: BR20 | D113: 1 | E113: 0.45 | F113: 0.2 | G113: 0.6 | H113: =+PRODUCT(D113:G113) -> 0.054 | I113: =PRODUCT(D113,E113,F113) -> 0.09 | J113: =+M113+P113 -> 0.54 | K113: 0 | L113: =+G113-K113 -> 0.6 | M113: =+PRODUCT(D113,E113,L113) -> 0.27 | N113: 0 | O113: =+G113-N113 -> 0.6 | P113: =+PRODUCT(D113:E113,O113) -> 0.27 | S113: =+SUM(Q113:R113)*(L113+O113)/2*2 -> 0 | Z113: =IFERROR(VLOOKUP(T113,$C$47:$G$688,4,FALSE)*VLOOKUP(T113,$C$47:$G$688,5,FALSE),)+IFERROR(VLOOKUP(U113,$C$47:$G$688,4,FALSE)*VLOOKUP(U113,$C$47:$G$688,5,FALSE),)+IFERROR(VLOOKUP(V113,$C$47:$G$9916,4,FALSE)*VLOOKUP(V113,$C$47:$G$688,5,FALSE),)+IFERROR(VLOOKUP(W113,$C$47:$G$688,4,FALSE)*VLOOKUP(W113,$C$47:$G$688,5,FALSE),)+IFERROR(VLOOKUP(X113,$C$47:$G$688,4,FALSE)*VLOOKUP(X113,$C$47:$G$688,5,FALSE),)+IFERROR(VLOOKUP(Y113,$C$47:$G$688,4,FALSE)*VLOOKUP(Y113,$C$47:$G$688,5,FALSE),) -> 0 | AE113: =+IF(G113<0.75,(I113+J113),0) -> 0.63 | AF113: =+IF(G113<0.75,0,(I113+J113)) -> 0 | AI113: =D113*(E113*(F113+$E$39*2)*$E$40) -> 0.018
B114: 68 | C114: BR21 | D114: 1 | E114: 0.9 | F114: 0.2 | G114: 0.6 | H114: =+PRODUCT(D114:G114) -> 0.108 | I114: =PRODUCT(D114,E114,F114) -> 0.18 | J114: =+M114+P114 -> 1.08 | K114: 0 | L114: =+G114-K114 -> 0.6 | M114: =+PRODUCT(D114,E114,L114) -> 0.54 | N114: 0 | O114: =+G114-N114 -> 0.6 | P114: =+PRODUCT(D114:E114,O114) -> 0.54 | S114: =+SUM(Q114:R114)*(L114+O114)/2*2 -> 0 | T114: BR20 | Z114: =IFERROR(VLOOKUP(T114,$C$47:$G$688,4,FALSE)*VLOOKUP(T114,$C$47:$G$688,5,FALSE),)+IFERROR(VLOOKUP(U114,$C$47:$G$688,4,FALSE)*VLOOKUP(U114,$C$47:$G$688,5,FALSE),)+IFERROR(VLOOKUP(V114,$C$47:$G$9916,4,FALSE)*VLOOKUP(V114,$C$47:$G$688,5,FALSE),)+IFERROR(VLOOKUP(W114,$C$47:$G$688,4,FALSE)*VLOOKUP(W114,$C$47:$G$688,5,FALSE),)+IFERROR(VLOOKUP(X114,$C$47:$G$688,4,FALSE)*VLOOKUP(X114,$C$47:$G$688,5,FALSE),)+IFERROR(VLOOKUP(Y114,$C$47:$G$688,4,FALSE)*VLOOKUP(Y114,$C$47:$G$688,5,FALSE),) -> 0.12 | AE114: =+IF(G114<0.75,(I114+J114),0) -> 1.26 | AF114: =+IF(G114<0.75,0,(I114+J114)) -> 0 | AI114: =D114*(E114*(F114+$E$39*2)*$E$40) -> 0.036
B115: 69 | C115: BR22 | D115: 1 | E115: 0.448 | F115: 0.2 | G115: 0.6 | H115: =+PRODUCT(D115:G115) -> 0.05376 | I115: =PRODUCT(D115,E115,F115) -> 0.0896 | J115: =+M115+P115 -> 0.5376 | K115: 0 | L115: =+G115-K115 -> 0.6 | M115: =+PRODUCT(D115,E115,L115) -> 0.2688 | N115: 0 | O115: =+G115-N115 -> 0.6 | P115: =+PRODUCT(D115:E115,O115) -> 0.2688 | S115: =+SUM(Q115:R115)*(L115+O115)/2*2 -> 0 | Z115: =IFERROR(VLOOKUP(T115,$C$47:$G$688,4,FALSE)*VLOOKUP(T115,$C$47:$G$688,5,FALSE),)+IFERROR(VLOOKUP(U115,$C$47:$G$688,4,FALSE)*VLOOKUP(U115,$C$47:$G$688,5,FALSE),)+IFERROR(VLOOKUP(V115,$C$47:$G$9916,4,FALSE)*VLOOKUP(V115,$C$47:$G$688,5,FALSE),)+IFERROR(VLOOKUP(W115,$C$47:$G$688,4,FALSE)*VLOOKUP(W115,$C$47:$G$688,5,FALSE),)+IFERROR(VLOOKUP(X115,$C$47:$G$688,4,FALSE)*VLOOKUP(X115,$C$47:$G$688,5,FALSE),)+IFERROR(VLOOKUP(Y115,$C$47:$G$688,4,FALSE)*VLOOKUP(Y115,$C$47:$G$688,5,FALSE),) -> 0 | AE115: =+IF(G115<0.75,(I115+J115),0) -> 0.6272 | AF115: =+IF(G115<0.75,0,(I115+J115)) -> 0 | AI115: =D115*(E115*(F115+$E$39*2)*$E$40) -> 0.01792
B116: 70 | C116: BR23 | D116: 1 | E116: 1.401 | F116: 0.2 | G116: 0.6 | H116: =+PRODUCT(D116:G116) -> 0.16812 | I116: =PRODUCT(D116,E116,F116) -> 0.2802 | J116: =+M116+P116 -> 1.6812 | K116: 0 | L116: =+G116-K116 -> 0.6 | M116: =+PRODUCT(D116,E116,L116) -> 0.8406 | N116: 0 | O116: =+G116-N116 -> 0.6 | P116: =+PRODUCT(D116:E116,O116) -> 0.8406 | S116: =+SUM(Q116:R116)*(L116+O116)/2*2 -> 0 | T116: BR22 | U116: BR24 | Z116: =IFERROR(VLOOKUP(T116,$C$47:$G$688,4,FALSE)*VLOOKUP(T116,$C$47:$G$688,5,FALSE),)+IFERROR(VLOOKUP(U116,$C$47:$G$688,4,FALSE)*VLOOKUP(U116,$C$47:$G$688,5,FALSE),)+IFERROR(VLOOKUP(V116,$C$47:$G$9916,4,FALSE)*VLOOKUP(V116,$C$47:$G$688,5,FALSE),)+IFERROR(VLOOKUP(W116,$C$47:$G$688,4,FALSE)*VLOOKUP(W116,$C$47:$G$688,5,FALSE),)+IFERROR(VLOOKUP(X116,$C$47:$G$688,4,FALSE)*VLOOKUP(X116,$C$47:$G$688,5,FALSE),)+IFERROR(VLOOKUP(Y116,$C$47:$G$688,4,FALSE)*VLOOKUP(Y116,$C$47:$G$688,5,FALSE),) -> 0.24 | AE116: =+IF(G116<0.75,(I116+J116),0) -> 1.9614 | AF116: =+IF(G116<0.75,0,(I116+J116)) -> 0 | AI116: =D116*(E116*(F116+$E$39*2)*$E$40) -> 0.05604
B117: 71 | C117: BR24 | D117: 1 | E117: 0.448 | F117: 0.2 | G117: 0.6 | H117: =+PRODUCT(D117:G117) -> 0.05376 | I117: =PRODUCT(D117,E117,F117) -> 0.0896 | J117: =+M117+P117 -> 0.5376 | K117: 0 | L117: =+G117-K117 -> 0.6 | M117: =+PRODUCT(D117,E117,L117) -> 0.2688 | N117: 0 | O117: =+G117-N117 -> 0.6 | P117: =+PRODUCT(D117:E117,O117) -> 0.2688 | S117: =+SUM(Q117:R117)*(L117+O117)/2*2 -> 0 | Z117: =IFERROR(VLOOKUP(T117,$C$47:$G$688,4,FALSE)*VLOOKUP(T117,$C$47:$G$688,5,FALSE),)+IFERROR(VLOOKUP(U117,$C$47:$G$688,4,FALSE)*VLOOKUP(U117,$C$47:$G$688,5,FALSE),)+IFERROR(VLOOKUP(V117,$C$47:$G$9916,4,FALSE)*VLOOKUP(V117,$C$47:$G$688,5,FALSE),)+IFERROR(VLOOKUP(W117,$C$47:$G$688,4,FALSE)*VLOOKUP(W117,$C$47:$G$688,5,FALSE),)+IFERROR(VLOOKUP(X117,$C$47:$G$688,4,FALSE)*VLOOKUP(X117,$C$47:$G$688,5,FALSE),)+IFERROR(VLOOKUP(Y117,$C$47:$G$688,4,FALSE)*VLOOKUP(Y117,$C$47:$G$688,5,FALSE),) -> 0 | AE117: =+IF(G117<0.75,(I117+J117),0) -> 0.6272 | AF117: =+IF(G117<0.75,0,(I117+J117)) -> 0 | AI117: =D117*(E117*(F117+$E$39*2)*$E$40) -> 0.01792
B118: 72 | C118: BR25 | D118: 1 | E118: 1.3 | F118: 0.2 | G118: 0.6 | H118: =+PRODUCT(D118:G118) -> 0.156 | I118: =PRODUCT(D118,E118,F118) -> 0.26 | J118: =+M118+P118 -> 1.3 | K118: 0 | L118: =+G118-K118 -> 0.6 | M118: =+PRODUCT(D118,E118,L118) -> 0.78 | N118: 0.2 | O118: =+G118-N118 -> 0.4 | P118: =+PRODUCT(D118:E118,O118) -> 0.52 | S118: =+SUM(Q118:R118)*(L118+O118)/2*2 -> 0 | T118: PB32A | U118: BR26 | Z118: =IFERROR(VLOOKUP(T118,$C$47:$G$688,4,FALSE)*VLOOKUP(T118,$C$47:$G$688,5,FALSE),)+IFERROR(VLOOKUP(U118,$C$47:$G$688,4,FALSE)*VLOOKUP(U118,$C$47:$G$688,5,FALSE),)+IFERROR(VLOOKUP(V118,$C$47:$G$9916,4,FALSE)*VLOOKUP(V118,$C$47:$G$688,5,FALSE),)+IFERROR(VLOOKUP(W118,$C$47:$G$688,4,FALSE)*VLOOKUP(W118,$C$47:$G$688,5,FALSE),)+IFERROR(VLOOKUP(X118,$C$47:$G$688,4,FALSE)*VLOOKUP(X118,$C$47:$G$688,5,FALSE),)+IFERROR(VLOOKUP(Y118,$C$47:$G$688,4,FALSE)*VLOOKUP(Y118,$C$47:$G$688,5,FALSE),) -> 0.24 | AE118: =+IF(G118<0.75,(I118+J118),0) -> 1.56 | AF118: =+IF(G118<0.75,0,(I118+J118)) -> 0 | AI118: =D118*(E118*(F118+$E$39*2)*$E$40) -> 0.052
B119: 73 | C119: BR26 | D119: 1 | E119: 0.754 | F119: 0.2 | G119: 0.6 | H119: =+PRODUCT(D119:G119) -> 0.09048 | I119: =PRODUCT(D119,E119,F119) -> 0.1508 | J119: =+M119+P119 -> 0.77285 | K119: 0 | L119: =+G119-K119 -> 0.6 | M119: =+PRODUCT(D119,E119,L119) -> 0.4524 | N119: 0.175 | O119: =+G119-N119 -> 0.425 | P119: =+PRODUCT(D119:E119,O119) -> 0.32045 | S119: =+SUM(Q119:R119)*(L119+O119)/2*2 -> 0 | Z119: =IFERROR(VLOOKUP(T119,$C$47:$G$688,4,FALSE)*VLOOKUP(T119,$C$47:$G$688,5,FALSE),)+IFERROR(VLOOKUP(U119,$C$47:$G$688,4,FALSE)*VLOOKUP(U119,$C$47:$G$688,5,FALSE),)+IFERROR(VLOOKUP(V119,$C$47:$G$9916,4,FALSE)*VLOOKUP(V119,$C$47:$G$688,5,FALSE),)+IFERROR(VLOOKUP(W119,$C$47:$G$688,4,FALSE)*VLOOKUP(W119,$C$47:$G$688,5,FALSE),)+IFERROR(VLOOKUP(X119,$C$47:$G$688,4,FALSE)*VLOOKUP(X119,$C$47:$G$688,5,FALSE),)+IFERROR(VLOOKUP(Y119,$C$47:$G$688,4,FALSE)*VLOOKUP(Y119,$C$47:$G$688,5,FALSE),) -> 0 | AE119: =+IF(G119<0.75,(I119+J119),0) -> 0.92365 | AF119: =+IF(G119<0.75,0,(I119+J119)) -> 0 | AI119: =D119*(E119*(F119+$E$39*2)*$E$40) -> 0.03016
B120: 74 | C120: BR27 | D120: 1 | E120: 0.45 | F120: 0.2 | G120: 0.6 | H120: =+PRODUCT(D120:G120) -> 0.054 | I120: =PRODUCT(D120,E120,F120) -> 0.09 | J120: =+M120+P120 -> 0.54 | K120: 0 | L120: =+G120-K120 -> 0.6 | M120: =+PRODUCT(D120,E120,L120) -> 0.27 | N120: 0 | O120: =+G120-N120 -> 0.6 | P120: =+PRODUCT(D120:E120,O120) -> 0.27 | S120: =+SUM(Q120:R120)*(L120+O120)/2*2 -> 0 | Z120: =IFERROR(VLOOKUP(T120,$C$47:$G$688,4,FALSE)*VLOOKUP(T120,$C$47:$G$688,5,FALSE),)+IFERROR(VLOOKUP(U120,$C$47:$G$688,4,FALSE)*VLOOKUP(U120,$C$47:$G$688,5,FALSE),)+IFERROR(VLOOKUP(V120,$C$47:$G$9916,4,FALSE)*VLOOKUP(V120,$C$47:$G$688,5,FALSE),)+IFERROR(VLOOKUP(W120,$C$47:$G$688,4,FALSE)*VLOOKUP(W120,$C$47:$G$688,5,FALSE),)+IFERROR(VLOOKUP(X120,$C$47:$G$688,4,FALSE)*VLOOKUP(X120,$C$47:$G$688,5,FALSE),)+IFERROR(VLOOKUP(Y120,$C$47:$G$688,4,FALSE)*VLOOKUP(Y120,$C$47:$G$688,5,FALSE),) -> 0 | AE120: =+IF(G120<0.75,(I120+J120),0) -> 0.63 | AF120: =+IF(G120<0.75,0,(I120+J120)) -> 0 | AI120: =D120*(E120*(F120+$E$39*2)*$E$40) -> 0.018
B121: 75 | C121: BR28 | D121: 1 | E121: 0.902 | F121: 0.2 | G121: 0.6 | H121: =+PRODUCT(D121:G121) -> 0.10824 | I121: =PRODUCT(D121,E121,F121) -> 0.1804 | J121: =+M121+P121 -> 1.0824 | K121: 0 | L121: =+G121-K121 -> 0.6 | M121: =+PRODUCT(D121,E121,L121) -> 0.5412 | N121: 0 | O121: =+G121-N121 -> 0.6 | P121: =+PRODUCT(D121:E121,O121) -> 0.5412 | S121: =+SUM(Q121:R121)*(L121+O121)/2*2 -> 0 | T121: BR27 | Z121: =IFERROR(VLOOKUP(T121,$C$47:$G$688,4,FALSE)*VLOOKUP(T121,$C$47:$G$688,5,FALSE),)+IFERROR(VLOOKUP(U121,$C$47:$G$688,4,FALSE)*VLOOKUP(U121,$C$47:$G$688,5,FALSE),)+IFERROR(VLOOKUP(V121,$C$47:$G$9916,4,FALSE)*VLOOKUP(V121,$C$47:$G$688,5,FALSE),)+IFERROR(VLOOKUP(W121,$C$47:$G$688,4,FALSE)*VLOOKUP(W121,$C$47:$G$688,5,FALSE),)+IFERROR(VLOOKUP(X121,$C$47:$G$688,4,FALSE)*VLOOKUP(X121,$C$47:$G$688,5,FALSE),)+IFERROR(VLOOKUP(Y121,$C$47:$G$688,4,FALSE)*VLOOKUP(Y121,$C$47:$G$688,5,FALSE),) -> 0.12 | AE121: =+IF(G121<0.75,(I121+J121),0) -> 1.2628 | AF121: =+IF(G121<0.75,0,(I121+J121)) -> 0 | AI121: =D121*(E121*(F121+$E$39*2)*$E$40) -> 0.03608
...

Sheet Slabs
A1: SKECT
A2: ACTIVITY - SLABS
C4: Sl.No | D4: Description | E4: Unit | F4: Floors
F5: Grade Slab | G5: GF | H5: FF | I5: TF | J5: SHR & LMR LVL | K5: TOTAL
F6: 1 | G6: 1 | H6: 1 | I6: 1 | J6: 1
C7: I | D7: Concrete
D8: Slab | E8: Cum | F8: =#REF! -> #REF! | G8: =I$54 -> 134.86095 | H8: =I$108 -> 78.619252 | I8: =I$244 -> 79.759131 | J8: =I$272 -> 7.8864 | K8: =SUMPRODUCT($G$6:$J$6,G8:J8) -> 301.12574
D9: Slab | E9: Cum | F9: =I54 -> 134.86095 | G9: =I108 -> 78.619252 | H9: =I174 -> 84.333746 | I9: =I244 -> 79.759131 | J9: =I272 -> 7.8864 | K9: =SUMPRODUCT($F$6:$J$6,F9:J9) -> 385.45948
D11: Chejja | E11: Cum | F11: 0 | G11: 0 | H11: 0 | I11: 0 | J11: 0 | K11: =SUMPRODUCT($F$6:$J$6,F11:J11) -> 0
C12: II | D12: Shuttering
D13: Slab | E13: sqm | F13: =J54*0 -> 0 | G13: =J108 -> 524.57451 | H13: =J174 -> 562.50594 | I13: =J244 -> 531.82797 | J13: =J$272 -> 52.576 | K13: =SUMPRODUCT($F$6:$J$6,F13:J13) -> 1671.4844
D15: Chejja | E15: sqm | F15: 0 | G15: 0 | H15: 0 | I15: 0 | J15: =K$322 -> 0 | K15: =SUMPRODUCT($F$6:$J$6,F15:J15) -> 0
D17: GRADE SLAB
A18: Floor | C18: S.No | D18: DESCRIPTION | E18: NOS | F18: LENGTH/ AREA | G18: BREADTH/ PERIMETER | H18: THICKNESS | I18: CONC. QTY | J18: SHUTTERING QTY
C19: 1 | D19: S1-PL | E19: 1 | F19: 58.412171 | G19: 31.30316 | H19: 0.2 | I19: =+E19*F19*H19 -> 11.682434 | J19: =E19*F19 -> 58.412171
C20: 2 | D20: S2-PL | E20: 1 | F20: 57.921942 | G20: 31.497168 | H20: 0.2 | I20: =+E20*F20*H20 -> 11.584388 | J20: =E20*F20 -> 57.921942
C21: 3 | D21: S3-PL | E21: 1 | F21: 59.207482 | G21: 31.591537 | H21: 0.2 | I21: =+E21*F21*H21 -> 11.841496 | J21: =E21*F21 -> 59.207482
C22: 4 | D22: S4-PL | E22: 1 | F22: 49.283679 | G22: 29.145104 | H22: 0.2 | I22: =+E22*F22*H22 -> 9.8567357 | J22: =E22*F22 -> 49.283679
C23: 5 | D23: S5-PL | E23: 1 | F23: 58.437934 | G23: 31.298407 | H23: 0.2 | I23: =+E23*F23*H23 -> 11.687587 | J23: =E23*F23 -> 58.437934
C24: 6 | D24: S6-PL | E24: 1 | F24: 58.867246 | G24: 31.403243 | H24: 0.2 | I24: =+E24*F24*H24 -> 11.773449 | J24: =E24*F24 -> 58.867246
C25: 7 | D25: S7-PL | E25: 1 | F25: 58.413583 | G25: 31.304018 | H25: 0.2 | I25: =+E25*F25*H25 -> 11.682717 | J25: =E25*F25 -> 58.413583
C26: 8 | D26: S8 | E26: 1 | F26: 1.2 | G26: 2.203 | H26: 0.2 | I26: =+E26*F26*G26*H26 -> 0.52872 | J26: =E26*F26*G26 -> 2.6436
C27: 9 | D27: S9 | E27: 1 | F27: 1.699 | G27: 2.203 | H27: 0.125 | I27: =+E27*F27*G27*H27 -> 0.46786212 | J27: =E27*F27*G27 -> 3.742897
C28: 10 | D28: S10 | E28: 1 | F28: 3.1 | G28: 5.703 | H28: 0.2 | I28: =+E28*F28*G28*H28 -> 3.53586 | J28: =E28*F28*G28 -> 17.6793
C29: 11 | D29: S11 | E29: 1 | F29: 6.55 | G29: 6.003 | H29: 0.175 | I29: =+E29*F29*G29*H29 -> 6.8809388 | J29: =E29*F29*G29 -> 39.31965
C30: 12 | D30: S12 | E30: 1 | F30: 6.649 | G30: 6.003 | H30: 0.175 | I30: =+E30*F30*G30*H30 -> 6.9849407 | J30: =E30*F30*G30 -> 39.913947
C31: 13 | D31: S13 | E31: 1 | F31: 2.05 | G31: 1.703 | H31: 0.15 | I31: =+E31*F31*G31*H31 -> 0.5236725 | J31: =E31*F31*G31 -> 3.49115
C32: 14 | D32: S14 | E32: 1 | F32: 5.475 | G32: 6.1 | H32: 0.175 | I32: =+E32*F32*G32*H32 -> 5.8445625 | J32: =E32*F32*G32 -> 33.3975
C33: 15 | D33: S15 | E33: 1 | F33: 5.051 | G33: 1.159 | H33: 0.125 | I33: =+E33*F33*G33*H33 -> 0.73176363 | J33: =E33*F33*G33 -> 5.854109
C34: 16 | D34: S16 | E34: 1 | F34: 5.051 | G34: 4.742 | H34: 0.15 | I34: =+E34*F34*G34*H34 -> 3.5927763 | J34: =E34*F34*G34 -> 23.951842
C35: 17 | D35: S17 | E35: 1 | F35: 1.2 | G35: 6.103 | H35: 0.2 | I35: =+E35*F35*G35*H35 -> 1.46472 | J35: =E35*F35*G35 -> 7.3236
C36: 18 | D36: S18 | E36: 1 | F36: 6.598 | G36: 6.102 | H36: 0.175 | I36: =+E36*F36*G36*H36 -> 7.0456743 | J36: =E36*F36*G36 -> 40.260996
C37: 19 | D37: S19 | E37: 1 | F37: 1.1 | G37: 5.15 | H37: 0.2 | I37: =+E37*F37*G37*H37 -> 1.133 | J37: =E37*F37*G37 -> 5.665
... C43: 25 | D43: S23 | E43: 1 | F43: 13.802 | G43: 0.641 | H43: 0.2 | I43: =+E43*F43*G43*H43 -> 1.7694164 | J43: =E43*F43*G43 -> 8.847082
C44: 26 | D44: S24-PL | E44: 1 | F44: 1.6427925 | G44: 6.9553375 | H44: 0.2 | I44: =+E44*F44*H44 -> 0.32855851 | J44: =E44*F44*G44 -> 11.426176
C45: 27 | D45: S25 | E45: 1 | F45: 2.38 | G45: 1.21 | H45: 0.125 | I45: =+E45*F45*G45*H45 -> 0.359975 | J45: =E45*F45*G45 -> 2.8798
C46: 28 | D46: S26 | E46: 1 | F46: 1.5 | G46: 1.21 | H46: 0.2 | I46: =+E46*F46*G46*H46 -> 0.363 | J46: =E46*F46*G46 -> 1.815
C47: 29 | D47: S27-PL | E47: 1 | F47: 3.2313215 | G47: 10.570638 | H47: 0.125 | I47: =+E47*F47*H47 -> 0.40391519 | J47: =E47*F47*G47 -> 34.157132
C48: 30 | D48: S28-PL | E48: 1 | F48: 1.6620423 | G48: 7.067471 | H48: 0.2 | I48: =+E48*F48*H48 -> 0.33240846 | J48: =E48*F48*G48 -> 11.746436
C49: 31 | D49: S29 | E49: 1 | F49: 6.6 | G49: 1.596 | H49: 0.2 | I49: =+E49*F49*G49*H49 -> 2.10672 | J49: =E49*F49*G49 -> 10.5336
C50: 32 | D50: S30 | E50: 1 | F50: 1.1 | G50: 1.21 | H50: 0.2 | I50: =+E50*F50*G50*H50 -> 0.2662 | J50: =E50*F50*G50 -> 1.331
C51: 33 | D51: S31 | E51: 1 | F51: 4.041 | G51: 1.21 | H51: 0.125 | I51: =+E51*F51*G51*H51 -> 0.61120125 | J51: =E51*F51*G51 -> 4.88961
C52: 34 | D52: S32 | E52: 1 | F52: 1.01 | G52: 1.21 | H52: 0.2 | I52: =+E52*F52*G52*H52 -> 0.24442 | J52: =E52*F52*G52 -> 1.2221
C53: 35 | D53: S33 | E53: 1 | F53: 6.551 | G53: 1.596 | H53: 0.2 | I53: =+E53*F53*G53*H53 -> 2.0910792 | J53: =E53*F53*G53 -> 10.455396
D54: TOTAL | H54: =AVERAGE(H19:H53) -> 0.18285714 | I54: =SUM(I19:I53) -> 134.86095 | J54: =SUM(J19:J53) -> 762.79647
D56: GROUND FLOOR SLAB
A57: Floor | C57: S.No | D57: DESCRIPTION | E57: NOS | F57: LENGTH | G57: BREADTH | H57: THICKNESS | I57: CONC. QTY | J57: SHUTTERING QTY
A58: GF | C58: 1 | D58: S1 | E58: 1 | F58: 4.151 | G58: 3.32 | H58: 0.15 | I58: =+E58*F58*G58*H58 -> 2.067198 | J58: =+E58*F58*G58 -> 13.78132
C59: 2 | D59: S2 | E59: 1 | F59: 2.1 | G59: 5.35 | H59: 0.15 | I59: =+E59*F59*G59*H59 -> 1.68525 | J59: =+E59*F59*G59 -> 11.235
C60: 3 | D60: S3 | E60: 1 | F60: 0.416 | G60: 5.35 | H60: 0.15 | I60: =+E60*F60*G60*H60 -> 0.33384 | J60: =+E60*F60*G60 -> 2.2256
C61: 4 | D61: S4 | E61: 1 | F61: 2.967 | G61: 5.35 | H61: 0.15 | I61: =+E61*F61*G61*H61 -> 2.3810175 | J61: =+E61*F61*G61 -> 15.87345
C62: 5 | D62: S5 | E62: 1 | F62: 2.867 | G62: 5.35 | H62: 0.15 | I62: =+E62*F62*G62*H62 -> 2.3007675 | J62: =+E62*F62*G62 -> 15.33845
C63: 6 | D63: S6 | E63: 1 | F63: 3.25 | G63: 4.348 | H63: 0.15 | I63: =+E63*F63*G63*H63 -> 2.11965 | J63: =+E63*F63*G63 -> 14.131
C64: 7 | D64: S7 | E64: 1 | F64: 3.25 | G64: 5.348 | H64: 0.15 | I64: =+E64*F64*G64*H64 -> 2.60715 | J64: =+E64*F64*G64 -> 17.381
C65: 8 | D65: S8 | E65: 1 | F65: 2.637 | G65: 5.348 | H65: 0.15 | I65: =+E65*F65*G65*H65 -> 2.1154014 | J65: =+E65*F65*G65 -> 14.102676
C66: 9 | D66: S9 | E66: 1 | F66: 2.638 | G66: 5.348 | H66: 0.15 | I66: =+E66*F66*G66*H66 -> 2.1162036 | J66: =+E66*F66*G66 -> 14.108024
C67: 10 | D67: S9A | E67: 1 | F67: 1.75 | G67: 3.748 | H67: 0.15 | I67: =+E67*F67*G67*H67 -> 0.98385 | J67: =+E67*F67*G67 -> 6.559
C68: 11 | D68: S10 | E68: 1 | F68: 4.599 | G68: 5.35 | H68: 0.15 | I68: =+E68*F68*G68*H68 -> 3.6906975 | J68: =+E68*F68*G68 -> 24.60465
C69: 12 | D69: S11 | E69: 1 | F69: 3.201 | G69: 5.35 | H69: 0.15 | I69: =+E69*F69*G69*H69 -> 2.5688025 | J69: =+E69*F69*G69 -> 17.12535
C70: 13 | D70: S12 | E70: 1 | F70: 3.2 | G70: 5.35 | H70: 0.15 | I70: =+E70*F70*G70*H70 -> 2.568 | J70: =+E70*F70*G70 -> 17.12
... C97: 40 | D97: S38 | E97: 1 | F97: 0.349 | G97: 2.7 | H97: 0.15 | I97: =+E97*F97*G97*H97 -> 0.141345 | J97: =+E97*F97*G97 -> 0.9423
C98: 41 | D98: S39-PL | E98: 1 | F98: 17.54863 | G98: 17.994791 | H98: 0.15 | I98: =+E98*F98*H98 -> 2.6322946 | J98: =+E98*G98 -> 17.994791
C99: 42 | D99: S40 | E99: 1 | F99: 5.95 | G99: 2.7 | H99: 0.15 | I99: =+E99*F99*G99*H99 -> 2.40975 | J99: =+E99*F99*G99 -> 16.065
C100: 43 | D100: S41 | E100: 1 | F100: 1.501 | G100: 0.797 | H100: 0.15 | I100: =+E100*F100*G100*H100 -> 0.17944455 | J100: =+E100*F100*G100 -> 1.196297
C101: 44 | D101: S42 | E101: 1 | F101: 1.502 | G101: 0.801 | H101: 0.15 | I101: =+E101*F101*G101*H101 -> 0.1804653 | J101: =+E101*F101*G101 -> 1.203102
C102: 45 | D102: S43 | E102: 1 | F102: 1.499 | G102: 0.802 | H102: 0.15 | I102: =+E102*F102*G102*H102 -> 0.1803297 | J102: =+E102*F102*G102 -> 1.202198
C103: 46 | D103: S44 | E103: 1 | F103: 1.5 | G103: 0.802 | H103: 0.15 | I103: =+E103*F103*G103*H103 -> 0.18045 | J103: =+E103*F103*G103 -> 1.203
C104: 47 | D104: S45 | E104: 1 | F104: 1.5 | G104: 0.798 | H104: 0.15 | I104: =+E104*F104*G104*H104 -> 0.17955 | J104: =+E104*F104*G104 -> 1.197
C105: 48 | D105: S46 | E105: 1 | F105: 2.525 | G105: 0.8 | H105: 0.15 | I105: =+E105*F105*G105*H105 -> 0.303 | J105: =+E105*F105*G105 -> 2.02
C106: 49 | D106: S47 | E106: 1 | F106: 1.5 | G106: 0.8 | H106: 0.15 | I106: =+E106*F106*G106*H106 -> 0.18 | J106: =+E106*F106*G106 -> 1.2
C107: 50 | D107: S48 | E107: 1 | F107: 1.5 | G107: 0.8 | H107: 0.15 | I107: =+E107*F107*G107*H107 -> 0.18 | J107: =+E107*F107*G107 -> 1.2
D108: TOTAL | E108: =SUM(E58:E106) -> 49 | I108: =+SUM(I58:I107) -> 78.619252 | J108: =+SUM(J58:J107) -> 524.57451
D110: FIRST FLOOR SLAB
A111: Floor | C111: S.No | D111: DESCRIPTION | E111: NOS | F111: LENGTH | G111: BREADTH | H111: THICKNESS | I111: CONC. QTY | J111: SHUTTERING QTY
A112: GF | C112: 1 | D112: S1 | E112: 1 | F112: 4.4 | G112: 3 | H112: 0.15 | I112: =+E112*F112*G112*H112 -> 1.98 | J112: =+E112*F112*G112 -> 13.2
C113: 2 | D113: S2 | E113: 1 | F113: 1.95 | G113: 3 | H113: 0.15 | I113: =+E113*F113*G113*H113 -> 0.8775 | J113: =+E113*F113*G113 -> 5.85
C114: 3 | D114: S3 | E114: 1 | F114: 1.95 | G114: 3 | H114: 0.15 | I114: =+E114*F114*G114*H114 -> 0.8775 | J114: =+E114*F114*G114 -> 5.85
C115: 4 | D115: S4 | E115: 1 | F115: 4.5 | G115: 3 | H115: 0.15 | I115: =+E115*F115*G115*H115 -> 2.025 | J115: =+E115*F115*G115 -> 13.5
C116: 5 | D116: S5 | E116: 1 | F116: 2 | G116: 3 | H116: 0.15 | I116: =+E116*F116*G116*H116 -> 0.9 | J116: =+E116*F116*G116 -> 6
C117: 6 | D117: S6 | E117: 1 | F117: 4.5 | G117: 3 | H117: 0.15 | I117: =+E117*F117*G117*H117 -> 2.025 | J117: =+E117*F117*G117 -> 13.5
C118: 7 | D118: S7 | E118: 1 | F118: 4.4 | G118: 2.8 | H118: 0.15 | I118: =+E118*F118*G118*H118 -> 1.848 | J118: =+E118*F118*G118 -> 12.32
C119: 8 | D119: S8 | E119: 1 | F119: 1.95 | G119: 2.8 | H119: 0.15 | I119: =+E119*F119*G119*H119 -> 0.819 | J119: =+E119*F119*G119 -> 5.46
C120: 9 | D120: S9 | E120: 1 | F120: 1.95 | G120: 2.8 | H120: 0.15 | I120: =+E120*F120*G120*H120 -> 0.819 | J120: =+E120*F120*G120 -> 5.46
C121: 10 | D121: S10 | E121: 1 | F121: 4.5 | G121: 2.8 | H121: 0.15 | I121: =+E121*F121*G121*H121 -> 1.89 | J121: =+E121*F121*G121 -> 12.6
C122: 11 | D122: S11 | E122: 1 | F122: 2 | G122: 1.5 | H122: 0.15 | I122: =+E122*F122*G122*H122 -> 0.45 | J122: =+E122*F122*G122 -> 3
C123: 12 | D123: S12 | E123: 1 | F123: 0.95 | G123: 1.1 | H123: 0.15 | I123: =+E123*F123*G123*H123 -> 0.15675 | J123: =+E123*F123*G123 -> 1.045
C124: 13 | D124: S13 | E124: 1 | F124: 4.5 | G124: 2.8 | H124: 0.15 | I124: =+E124*F124*G124*H124 -> 1.89 | J124: =+E124*F124*G124 -> 12.6
... C162: 51 | D162: S51 | E162: 1 | F162: 1.95 | G162: 3 | H162: 0.15 | I162: =+E162*F162*G162*H162 -> 0.8775 | J162: =+E162*F162*G162 -> 5.85
C163: 52 | D163: S52-PL | E163: 1 | F163: 18.114726 | G163: 18.395688 | H163: 0.15 | I163: =+E163*F163*H163 -> 2.717209 | J163: =+E163*G163 -> 18.395688
C164: 53 | D164: S53 | E164: 1 | F164: 3.15 | G164: 5.998 | H164: 0.15 | I164: =+E164*F164*G164*H164 -> 2.834055 | J164: =+E164*F164*G164 -> 18.8937
C165: 54 | D165: S54 | E165: 1 | F165: 1.4 | G165: 0.8 | H165: 0.15 | I165: =+E165*F165*G165*H165 -> 0.168 | J165: =+E165*F165*G165 -> 1.12
C166: 55 | D166: S55 | E166: 1 | F166: 1.5 | G166: 0.8 | H166: 0.15 | I166: =+E166*F166*G166*H166 -> 0.18 | J166: =+E166*F166*G166 -> 1.2
C167: 56 | D167: S56 | E167: 1 | F167: 1.5 | G167: 0.8 | H167: 0.15 | I167: =+E167*F167*G167*H167 -> 0.18 | J167: =+E167*F167*G167 -> 1.2
C168: 57 | D168: S57 | E168: 1 | F168: 1.5 | G168: 0.8 | H168: 0.15 | I168: =+E168*F168*G168*H168 -> 0.18 | J168: =+E168*F168*G168 -> 1.2
C169: 58 | D169: S58 | E169: 1 | F169: 1.5 | G169: 0.8 | H169: 0.15 | I169: =+E169*F169*G169*H169 -> 0.18 | J169: =+E169*F169*G169 -> 1.2
C170: 59 | D170: S59 | E170: 1 | F170: 1.5 | G170: 0.8 | H170: 0.15 | I170: =+E170*F170*G170*H170 -> 0.18 | J170: =+E170*F170*G170 -> 1.2
C171: 60 | D171: S60 | E171: 1 | F171: 2.525 | G171: 0.8 | H171: 0.15 | I171: =+E171*F171*G171*H171 -> 0.303 | J171: =+E171*F171*G171 -> 2.02
C172: 61 | D172: S61 | E172: 1 | F172: 1.5 | G172: 0.8 | H172: 0.15 | I172: =+E172*F172*G172*H172 -> 0.18 | J172: =+E172*F172*G172 -> 1.2
C173: 62 | D173: S62 | E173: 1 | F173: 1.5 | G173: 0.8 | H173: 0.15 | I173: =+E173*F173*G173*H173 -> 0.18 | J173: =+E173*F173*G173 -> 1.2
D174: TOTAL | E174: =SUM(E112:E158) -> 47 | I174: =+SUM(I112:I173) -> 84.333746 | J174: =+SUM(J112:J173) -> 562.50594
...

Sheet Staircase 
A3: S.No | B3: Description | C3: UOM | D3: Lower Ground | E3: Ground Floor | F3: First Floor | G3: Total Qty
A4: 1 | B4: Concrete | C4: Cum | D4: =G34+G52 -> 6.7867794 | E4: =G77+G94 -> 7.2249617 | F4: =G116+G135 -> 6.8010399 | G4: =SUM($D4:F4) -> 20.812781
A5: 2 | B5: Shuttering | C5: Sqm | D5: =H34+H52 -> 50.177961 | E5: =H77+H94 -> 53.420422 | F5: =H116+H135 -> 49.461162 | G5: =SUM($D5:F5) -> 153.05954
B9: Tread | C9: 0.3
B10: Riser | C10: 0.15
B11: waist slab thickness | C11: 0.15
B12: Lower Ground Floor
A13: Sl.No | B13: Description | C13: Nos | D13: L | E13: B | F13: D | G13: Concrete (cum) | H13: Shuttering (Sqm)
B14: Staircase- 02
B15: Flight-01
A16: 1 | B16: Waist slab | C16: 1 | D16: =(SQRT(F17*F17+D17*D17))*C17 -> 3.354102 | E16: 1.2 | F16: =$C$11 -> 0.15 | G16: =C16*D16*E16*F16 -> 0.60373835 | H16: =C16*(D16*E16)+(D16*F16) -> 4.5280377
A17: 2 | B17: Steps | C17: 10 | D17: 0.3 | E17: =E16 -> 1.2 | F17: =$C$11 -> 0.15 | G17: =0.5*D17*F17*E17*C17 -> 0.27 | H17: =(C17*0.5*D17*F17)+(C17+1)*E17*F17 -> 2.205
A18: 3 | B18: Landing | C18: 1 | D18: 1.25 | E18: 1.25 | F18: =$C$11 -> 0.15 | G18: =C18*D18*E18*F18 -> 0.234375 | H18: =C18*(D18*E18) -> 1.5625
A19: 4 | B19: Entrance | C19: 1 | D19: 3.1 | E19: 1.25 | F19: =$C$11 -> 0.15 | G19: =C19*D19*E19*F19 -> 0.58125 | H19: =C19*(D19*E19) -> 3.875
B21: Flight-02
A22: 1 | B22: Waist slab | C22: 1 | D22: =(SQRT(F23*F23+D23*D23))*C23 -> 0.67082039 | E22: 1.2 | F22: =$C$11 -> 0.15 | G22: =C22*D22*E22*F22 -> 0.12074767 | H22: =C22*(D22*E22)+(D22*F22) -> 0.90560753
A23: 2 | B23: Steps | C23: 2 | D23: 0.3 | E23: 1.2 | F23: =$C$11 -> 0.15 | G23: =0.5*D23*F23*E23*C23 -> 0.054 | H23: =(C23*0.5*D23*F23)+(C23+1)*E23*F23 -> 0.585
A24: 3 | B24: Landing | C24: 1 | D24: 1.25 | E24: 1.25 | F24: =$C$11 -> 0.15 | G24: =C24*D24*E24*F24 -> 0.234375 | H24: =C24*(D24*E24) -> 1.5625
B26: Flight-03
A27: 1 | B27: Waist slab | C27: 1 | D27: =(SQRT(F28*F28+D28*D28))*C28 -> 3.354102 | E27: 1.2 | F27: =$C$11 -> 0.15 | G27: =C27*D27*E27*F27 -> 0.60373835 | H27: =C27*(D27*E27)+(D27*F27) -> 4.5280377
A28: 2 | B28: Steps | C28: 10 | D28: 0.3 | E28: 1 | F28: =$C$11 -> 0.15 | G28: =0.5*D28*F28*E28*C28 -> 0.225 | H28: =(C28*0.5*D28*F28)+(C28+1)*E28*F28 -> 1.875
A29: 3 | B29: Landing | C29: 1 | D29: 1.25 | E29: 1.25 | F29: =$C$11 -> 0.15 | G29: =C29*D29*E29*F29 -> 0.234375 | H29: =C29*(D29*E29) -> 1.5625
B31: Flight-04
A32: 1 | B32: Waist slab | C32: 1 | D32: =(SQRT(F33*F33+D33*D33))*C33 -> 0.67082039 | E32: 1.2 | F32: =$C$11 -> 0.15 | G32: =C32*D32*E32*F32 -> 0.12074767 | H32: =C32*(D32*E32)+(D32*F32) -> 0.90560753
A33: 2 | B33: Steps | C33: 2 | D33: 0.3 | E33: 1.2 | F33: =$C$11 -> 0.15 | G33: =0.5*D33*F33*E33*C33 -> 0.054 | H33: =(C33*0.5*D33*F33)+(C33+1)*E33*F33 -> 0.585
F34: TOTAL FOR STAIRCASES-02 | G34: =SUM(G14:G33) -> 3.336347 | H34: =SUM(H14:H33) -> 24.67979
A36: Sl.No | B36: Description | C36: Nos | D36: L | E36: B | F36: D | G36: Concrete (cum) | H36: Shuttering (Sqm)
B37: Staircase- 01
B38: Flight-01
A39: 1 | B39: Waist slab | C39: 1 | D39: =(SQRT(F40*F40+D40*D40))*C40 -> 3.354102 | E39: 1.5 | F39: =$C$11 -> 0.15 | G39: =C39*D39*E39*F39 -> 0.75467294 | H39: =C39*(D39*E39)+(D39*F39) -> 5.5342682
A40: 2 | B40: Steps | C40: 10 | D40: 0.3 | E40: 1.5 | F40: =$C$11 -> 0.15 | G40: =0.5*D40*F40*E40*C40 -> 0.3375 | H40: =(C40*0.5*D40*F40)+(C40+1)*E40*F40 -> 2.7
A41: 3 | B41: Landing | C41: 1 | D41: 1.6 | E41: 1.5 | F41: =$C$11 -> 0.15 | G41: =C41*D41*E41*F41 -> 0.36 | H41: =C41*(D41*E41) -> 2.4
B43: Flight-02
A44: 1 | B44: Waist slab | C44: 1 | D44: =(SQRT(F45*F45+D45*D45))*C45 -> 1.677051 | E44: 1.5 | F44: =$C$11 -> 0.15 | G44: =C44*D44*E44*F44 -> 0.37733647 | H44: =C44*(D44*E44)+(D44*F44) -> 2.7671341
A45: 2 | B45: Steps | C45: 5 | D45: 0.3 | E45: 1.5 | F45: =$C$11 -> 0.15 | G45: =0.5*D45*F45*E45*C45 -> 0.16875 | H45: =(C45*0.5*D45*F45)+(C45+1)*E45*F45 -> 1.4625
A46: 3 | B46: Landing | C46: 1 | D46: 1.6 | E46: 1.5 | F46: =$C$11 -> 0.15 | G46: =C46*D46*E46*F46 -> 0.36 | H46: =C46*(D46*E46) -> 2.4
B48: Flight-03
A49: 1 | B49: Waist slab | C49: 1 | D49: =(SQRT(F50*F50+D50*D50))*C50 -> 3.354102 | E49: 1.5 | F49: =$C$11 -> 0.15 | G49: =C49*D49*E49*F49 -> 0.75467294 | H49: =C49*(D49*E49)+(D49*F49) -> 5.5342682
A50: 2 | B50: Steps | C50: 10 | D50: 0.3 | E50: 1.5 | F50: =$C$11 -> 0.15 | G50: =0.5*D50*F50*E50*C50 -> 0.3375 | H50: =(C50*0.5*D50*F50)+(C50+1)*E50*F50 -> 2.7
F52: TOTAL FOR STAIRCASES-01 | G52: =SUM(G37:G51) -> 3.4504324 | H52: =SUM(H37:H51) -> 25.498171
B54: Ground Floor
A56: Sl.No | B56: Description | C56: Nos | D56: L | E56: B | F56: D | G56: Concrete (cum) | H56: Shuttering (Sqm)
B57: Staircase- 02
B58: Flight-01
A59: 1 | B59: Waist slab | C59: 1 | D59: =(SQRT(F60*F60+D60*D60))*C60 -> 3.6895122 | E59: 1.2 | F59: =$C$11 -> 0.15 | G59: =C59*D59*E59*F59 -> 0.66411219 | H59: =C59*(D59*E59)+(D59*F59) -> 4.9808414
A60: 2 | B60: Tread | C60: 11 | D60: 0.3 | E60: 1.2 | F60: =$C$11 -> 0.15 | G60: =0.5*D60*F60*E60*C60 -> 0.297 | H60: =(C60*0.5*D60*F60)+(C60+1)*E60*F60 -> 2.4075
A61: 3 | B61: Landing | C61: 1 | D61: 1.25 | E61: 1.25 | F61: =$C$11 -> 0.15 | G61: =C61*D61*E61*F61 -> 0.234375 | H61: =C61*(D61*E61) -> 1.5625
A62: 4 | B62: Entrance | C62: 1 | D62: 3.1 | E62: 1.25 | F62: =$C$11 -> 0.15 | G62: =C62*D62*E62*F62 -> 0.58125 | H62: =C62*(D62*E62) -> 3.875
B64: Flight-02
A65: 1 | B65: Waist slab | C65: 1 | D65: =(SQRT(F66*F66+D66*D66))*C66 -> 0.67082039 | E65: 1.2 | F65: =$C$11 -> 0.15 | G65: =C65*D65*E65*F65 -> 0.12074767 | H65: =C65*(D65*E65)+(D65*F65) -> 0.90560753
A66: 2 | B66: Steps | C66: 2 | D66: 0.3 | E66: 1.2 | F66: =$C$11 -> 0.15 | G66: =0.5*D66*F66*E66*C66 -> 0.054 | H66: =(C66*0.5*D66*F66)+(C66+1)*E66*F66 -> 0.585
A67: 3 | B67: Landing | C67: 1 | D67: 1.25 | E67: 1.25 | F67: =$C$11 -> 0.15 | G67: =C67*D67*E67*F67 -> 0.234375 | H67: =C67*(D67*E67) -> 1.5625
B69: Flight-03
A70: 1 | B70: Waist slab | C70: 1 | D70: =(SQRT(F71*F71+D71*D71))*C71 -> 3.6895122 | E70: 1.2 | F70: =$C$11 -> 0.15 | G70: =C70*D70*E70*F70 -> 0.66411219 | H70: =C70*(D70*E70)+(D70*F70) -> 4.9808414
A71: 2 | B71: Steps | C71: 11 | D71: 0.3 | E71: 1.2 | F71: =$C$11 -> 0.15 | G71: =0.5*D71*F71*E71*C71 -> 0.297 | H71: =(C71*0.5*D71*F71)+(C71+1)*E71*F71 -> 2.4075
A72: 3 | B72: Landing | C72: 1 | D72: 1.25 | E72: 1.25 | F72: =$C$11 -> 0.15 | G72: =C72*D72*E72*F72 -> 0.234375 | H72: =C72*(D72*E72) -> 1.5625
B74: Flight-04
A75: 1 | B75: Waist slab | C75: 1 | D75: =(SQRT(F76*F76+D76*D76))*C76 -> 0.67082039 | E75: 1.2 | F75: =$C$11 -> 0.15 | G75: =C75*D75*E75*F75 -> 0.12074767 | H75: =C75*(D75*E75)+(D75*F75) -> 0.90560753
A76: 2 | B76: Steps | C76: 2 | D76: 0.3 | E76: 1.2 | F76: =$C$11 -> 0.15 | G76: =0.5*D76*F76*E76*C76 -> 0.054 | H76: =(C76*0.5*D76*F76)+(C76+1)*E76*F76 -> 0.585
F77: TOTAL FOR STAIRCASES-02 | G77: =SUM(G57:G76) -> 3.5560947 | H77: =SUM(H57:H76) -> 26.320398
A79: Sl.No | B79: Description | C79: Nos | D79: L | E79: B | F79: D | G79: Concrete (cum) | H79: Shuttering (Sqm)
B80: Staircase- 01
B81: Flight-01
A82: 1 | B82: Waist slab | C82: 1 | D82: =(SQRT(F83*F83+D83*D83))*C83 -> 3.6895122 | E82: 1.5 | F82: =$C$11 -> 0.15 | G82: =C82*D82*E82*F82 -> 0.83014024 | H82: =C82*(D82*E82)+(D82*F82) -> 6.0876951
A83: 2 | B83: Tread | C83: 11 | D83: 0.3 | E83: 1.5 | F83: =$C$11 -> 0.15 | G83: =0.5*D83*F83*E83*C83 -> 0.37125 | H83: =(C83*0.5*D83*F83)+(C83+1)*E83*F83 -> 2.9475
A84: 3 | B84: Landing | C84: 1 | D84: 1.6 | E84: 1.5 | F84: =$C$11 -> 0.15 | G84: =C84*D84*E84*F84 -> 0.36 | H84: =C84*(D84*E84) -> 2.4
B86: Flight-02
A87: 1 | B87: Waist slab | C87: 1 | D87: =(SQRT(F88*F88+D88*D88))*C88 -> 1.677051 | E87: 1.5 | F87: =$C$11 -> 0.15 | G87: =C87*D87*E87*F87 -> 0.37733647 | H87: =C87*(D87*E87)+(D87*F87) -> 2.7671341
A88: 2 | B88: Steps | C88: 5 | D88: 0.3 | E88: 1.5 | F88: =$C$11 -> 0.15 | G88: =0.5*D88*F88*E88*C88 -> 0.16875 | H88: =(C88*0.5*D88*F88)+(C88+1)*E88*F88 -> 1.4625
A89: 3 | B89: Landing | C89: 1 | D89: 1.6 | E89: 1.5 | F89: =$C$11 -> 0.15 | G89: =C89*D89*E89*F89 -> 0.36 | H89: =C89*(D89*E89) -> 2.4
B91: Flight-03
A92: 1 | B92: Waist slab | C92: 1 | D92: =(SQRT(F93*F93+D93*D93))*C93 -> 3.6895122 | E92: 1.5 | F92: =$C$11 -> 0.15 | G92: =C92*D92*E92*F92 -> 0.83014024 | H92: =C92*(D92*E92)+(D92*F92) -> 6.0876951
A93: 2 | B93: Steps | C93: 11 | D93: 0.3 | E93: 1.5 | F93: =$C$11 -> 0.15 | G93: =0.5*D93*F93*E93*C93 -> 0.37125 | H93: =(C93*0.5*D93*F93)+(C93+1)*E93*F93 -> 2.9475
F94: TOTAL FOR STAIRCASES-01 | G94: =SUM(G80:G93) -> 3.6688669 | H94: =SUM(H80:H93) -> 27.100024
B96: First Floor
B97: Floor ht | C97: 3.6
B98: No.of steps | C98: =+ROUND(C97/C100,0)-1 -> 23
B99: Tread | C99: 0.3 | D99: =+(SQRT(((C99)^2)+((C100)^2)))*C98 -> 7.7144345 | E99: tread length | F99: 1.25
B100: Riser | C100: 0.15
B101: waist slab thickness | C101: 0.15
A103: Sl.No | B103: Description | C103: Nos | D103: L | E103: B | F103: D | G103: Concrete (cum) | H103: Shuttering (Sqm)
B104: Staircase- 02
B105: Flight-01
A106: 1 | B106: Waist slab | C106: 1 | D106: =(SQRT(F107*F107+D107*D107))*C107 -> 3.6895122 | E106: 1.2 | F106: =$C$11 -> 0.15 | G106: =C106*D106*E106*F106 -> 0.66411219 | H106: =C106*(D106*E106)+(D106*F106) -> 4.9808414
A107: 2 | B107: Tread | C107: 11 | D107: 0.3 | E107: 1.2 | F107: =$C$11 -> 0.15 | G107: =0.5*D107*F107*E107*C107 -> 0.297 | H107: =(C107*0.5*D107*F107)+(C107+1)*E107*F107 -> 2.4075
A108: 3 | B108: Landing | C108: 1 | D108: 1.25 | E108: 1.25 | F108: =$C$11 -> 0.15 | G108: =C108*D108*E108*F108 -> 0.234375 | H108: =C108*(D108*E108) -> 1.5625
A109: 4 | B109: Entrance | C109: 1 | D109: 3.1 | E109: 1.25 | F109: =$C$11 -> 0.15 | G109: =C109*D109*E109*F109 -> 0.58125 | H109: =C109*(D109*E109) -> 3.875
B111: Flight-02
A112: 1 | B112: Waist slab | C112: 1 | D112: =(SQRT(F113*F113+D113*D113))*C113 -> 3.6895122 | E112: 1.2 | F112: =$C$11 -> 0.15 | G112: =C112*D112*E112*F112 -> 0.66411219 | H112: =C112*(D112*E112)+(D112*F112) -> 4.9808414
A113: 2 | B113: Steps | C113: 11 | D113: 0.3 | E113: 1.2 | F113: =$C$11 -> 0.15 | G113: =0.5*D113*F113*E113*C113 -> 0.297 | H113: =(C113*0.5*D113*F113)+(C113+1)*E113*F113 -> 2.4075
A114: 3 | B114: Landing | C114: 1 | D114: 1.25 | E114: 1.25 | F114: =$C$11 -> 0.15 | G114: =C114*D114*E114*F114 -> 0.234375 | H114: =C114*(D114*E114) -> 1.5625
F116: TOTAL FOR STAIRCASES-02 | G116: =SUM(G104:G115) -> 2.9722244 | H116: =SUM(H104:H115) -> 21.776683
A118: Sl.No | B118: Description | C118: Nos | D118: L | E118: B | F118: D | G118: Concrete (cum) | H118: Shuttering (Sqm)
B119: Staircase- 01
B120: Flight-01
A121: 1 | B121: Waist slab | C121: 1 | D121: =(SQRT(F122*F122+D122*D122))*C122 -> 2.6832816 | E121: 1.5 | F121: =$C$11 -> 0.15 | G121: =C121*D121*E121*F121 -> 0.60373835 | H121: =C121*(D121*E121)+(D121*F121) -> 4.4274146
A122: 2 | B122: Tread | C122: 8 | D122: 0.3 | E122: 1.5 | F122: =$C$11 -> 0.15 | G122: =0.5*D122*F122*E122*C122 -> 0.27 | H122: =(C122*0.5*D122*F122)+(C122+1)*E122*F122 -> 2.205
A123: 3 | B123: Landing | C123: 1 | D123: 1.6 | E123: 1.5 | F123: =$C$11 -> 0.15 | G123: =C123*D123*E123*F123 -> 0.36 | H123: =C123*(D123*E123) -> 2.4
B125: Flight-02
A126: 1 | B126: Waist slab | C126: 1 | D126: =(SQRT(F127*F127+D127*D127))*C127 -> 1.677051 | E126: 1.5 | F126: =$C$11 -> 0.15 | G126: =C126*D126*E126*F126 -> 0.37733647 | H126: =C126*(D126*E126)+(D126*F126) -> 2.7671341
...
